Analyst name,Ranking,URL,Last update
Michael Leshock,1,https://stockanalysis.com/analysts/Michael-Leshock/,15 Jan 2026
Colin Canfield,2,https://stockanalysis.com/analysts/Colin-Canfield/,10 Dec 2025
Christopher Dendrinos,3,https://stockanalysis.com/analysts/Christopher-Dendrinos/,22 Dec 2025
Tycho Peterson,4,https://stockanalysis.com/analysts/Tycho-Peterson/,17 Dec 2025
Ruben Roy,5,https://stockanalysis.com/analysts/Ruben-Roy/,23 Jan 2026
Michael Ciarmoli,6,https://stockanalysis.com/analysts/Michael-Ciarmoli/,09 Jan 2026
Josh Sullivan,7,https://stockanalysis.com/analysts/Josh-Sullivan/,23 Jan 2026
Daniel Arias,8,https://stockanalysis.com/analysts/Daniel-Arias/,20 Jan 2026
Seth Seifman,9,https://stockanalysis.com/analysts/Seth-Seifman/,19 Dec 2025
William Stein,10,https://stockanalysis.com/analysts/William-Stein/,22 Jan 2026
Trevor Walsh,11,https://stockanalysis.com/analysts/Trevor-Walsh/,12 Jan 2026
Jay McCanless,12,https://stockanalysis.com/analysts/Jay-McCanless/,06 Oct 2025
Cody Acree,13,https://stockanalysis.com/analysts/Cody-Acree/,23 Jan 2026
Philip Gibbs,14,https://stockanalysis.com/analysts/Philip-Gibbs/,23 Jan 2026
Asiya Merchant,16,https://stockanalysis.com/analysts/Asiya-Merchant/,20 Jan 2026
Peter Arment,17,https://stockanalysis.com/analysts/Peter-Arment/,16 Oct 2025
Matt Bryson,18,https://stockanalysis.com/analysts/Matt-Bryson/,23 Jan 2026
Rohit Kulkarni,19,https://stockanalysis.com/analysts/Rohit-Kulkarni/,20 Jan 2026
Jason Gursky,20,https://stockanalysis.com/analysts/Jason-Gursky/,25 Jul 2025
Brent Thielman,21,https://stockanalysis.com/analysts/Brent-Thielman/,20 Jan 2026
Chris Kotowski,22,https://stockanalysis.com/analysts/Chris-Kotowski/,21 Jan 2026
Patrick Moley,23,https://stockanalysis.com/analysts/Patrick-Moley/,14 Jan 2026
Brian Chin,24,https://stockanalysis.com/analysts/Brian-Chin/,20 Jan 2026
John Todaro,25,https://stockanalysis.com/analysts/John-Todaro/,20 Jan 2026
Justin Post,26,https://stockanalysis.com/analysts/Justin-Post/,13 Jan 2026
Christopher Glynn,27,https://stockanalysis.com/analysts/Christopher-Glynn/,23 Jan 2026
William Power,28,https://stockanalysis.com/analysts/William-Power/,09 Dec 2025
Andres Sheppard,29,https://stockanalysis.com/analysts/Andres-Sheppard/,01 Dec 2025
Aaron Rakers,30,https://stockanalysis.com/analysts/Aaron-Rakers/,23 Jan 2026
Lloyd Walmsley,31,https://stockanalysis.com/analysts/Lloyd-Walmsley/,20 Jan 2026
Atif Malik,32,https://stockanalysis.com/analysts/Atif-Malik/,23 Jan 2026
Kevin Garrigan,34,https://stockanalysis.com/analysts/Kevin-Garrigan/,16 Dec 2025
Ken Newman,35,https://stockanalysis.com/analysts/Ken-Newman/,17 Dec 2025
Michael Schmidt,36,https://stockanalysis.com/analysts/Michael-Schmidt/,20 Jan 2026
Srini Pajjuri,37,https://stockanalysis.com/analysts/Srini-Pajjuri/,23 Jan 2026
Kyle Menges,39,https://stockanalysis.com/analysts/Kyle-Menges/,13 Jan 2026
Timothy Arcuri,40,https://stockanalysis.com/analysts/Timothy-Arcuri/,23 Jan 2026
Hans Mosesmann,41,https://stockanalysis.com/analysts/Hans-Mosesmann/,05 Aug 2025
Andrew Kaplowitz,42,https://stockanalysis.com/analysts/Andrew-Kaplowitz/,21 Jan 2026
Brian Brophy,43,https://stockanalysis.com/analysts/Brian-Brophy/,05 Jan 2026
Christopher Danely,44,https://stockanalysis.com/analysts/Christopher-Danely/,15 Jan 2026
Tommy Moll,45,https://stockanalysis.com/analysts/Tommy-Moll/,02 Jan 2026
Vivek Arya,46,https://stockanalysis.com/analysts/Vivek-Arya/,22 Jan 2026
Rudy Li,47,https://stockanalysis.com/analysts/Rudy-Li/,02 Jan 2026
Tom O Malley,48,https://stockanalysis.com/analysts/Tom-O-Malley/,15 Jan 2026
Joseph Osha,49,https://stockanalysis.com/analysts/Joseph-Osha/,22 Jan 2026
Doug Anmuth,50,https://stockanalysis.com/analysts/Doug-Anmuth/,12 Dec 2025
Bradley Thomas,51,https://stockanalysis.com/analysts/Bradley-Thomas/,23 Oct 2025
Harsh Kumar,52,https://stockanalysis.com/analysts/Harsh-Kumar/,15 Jan 2026
Alexander Paris,53,https://stockanalysis.com/analysts/Alexander-Paris/,23 Jan 2026
Andre Madrid,54,https://stockanalysis.com/analysts/Andre-Madrid/,23 Jan 2026
David Raso,55,https://stockanalysis.com/analysts/David-Raso/,28 Nov 2025
Jason Zemansky,56,https://stockanalysis.com/analysts/Jason-Zemansky/,21 Jan 2026
Nick Giles,57,https://stockanalysis.com/analysts/Nick-Giles/,09 Jan 2026
Tim Savageaux,58,https://stockanalysis.com/analysts/Tim-Savageaux/,26 Nov 2025
Alex Rygiel,59,https://stockanalysis.com/analysts/Alex-Rygiel/,29 Aug 2025
Devin Ryan,60,https://stockanalysis.com/analysts/Devin-Ryan/,12 Jan 2026
Mark Kelley,61,https://stockanalysis.com/analysts/Mark-Kelley/,23 Jan 2026
Harlan Sur,62,https://stockanalysis.com/analysts/Harlan-Sur/,06 Jan 2026
Trey Grooms,63,https://stockanalysis.com/analysts/Trey-Grooms/,20 Jan 2026
Nicholas Jones,64,https://stockanalysis.com/analysts/Nicholas-Jones/,05 Nov 2025
Keith Hughes,65,https://stockanalysis.com/analysts/Keith-Hughes/,19 Dec 2025
Matthew Carletti,66,https://stockanalysis.com/analysts/Matthew-Carletti/,16 Jan 2026
Nathan Race,67,https://stockanalysis.com/analysts/Nathan-Race/,22 Jan 2026
Daniil Gataulin,69,https://stockanalysis.com/analysts/Daniil-Gataulin/,20 Jan 2026
Colin Sebastian,70,https://stockanalysis.com/analysts/Colin-Sebastian/,23 Dec 2025
Mike Genovese,71,https://stockanalysis.com/analysts/Mike-Genovese/,21 Jan 2026
Richard Eastman,74,https://stockanalysis.com/analysts/Richard-Eastman/,05 Dec 2025
Fadi Chamoun,75,https://stockanalysis.com/analysts/Fadi-Chamoun/,07 Jan 2026
Seamus Fernandez,76,https://stockanalysis.com/analysts/Seamus-Fernandez/,20 Jan 2026
Martin Yang,77,https://stockanalysis.com/analysts/Martin-Yang/,23 Sep 2025
Nathan Jones,78,https://stockanalysis.com/analysts/Nathan-Jones/,23 Jan 2026
Joon Lee,79,https://stockanalysis.com/analysts/Joon-Lee/,12 Jan 2026
Wamsi Mohan,80,https://stockanalysis.com/analysts/Wamsi-Mohan/,20 Jan 2026
Mark Miller,81,https://stockanalysis.com/analysts/Mark-Miller/,15 Jan 2026
Brandon King,82,https://stockanalysis.com/analysts/Brandon-King/,23 Oct 2025
David Manthey,84,https://stockanalysis.com/analysts/David-Manthey/,12 Jan 2026
Quinn Bolton,85,https://stockanalysis.com/analysts/Quinn-Bolton/,13 Nov 2025
Jonathan Siegmann,86,https://stockanalysis.com/analysts/Jonathan-Siegmann/,23 Jan 2026
Taz Koujalgi,87,https://stockanalysis.com/analysts/Taz-Koujalgi/,03 Oct 2025
Christopher Stathoulopoulos,88,https://stockanalysis.com/analysts/Christopher-Stathoulopoulos/,09 Jan 2026
Sam Darkatsh,89,https://stockanalysis.com/analysts/Sam-Darkatsh/,21 Oct 2025
Jeff Lick,90,https://stockanalysis.com/analysts/Jeff-Lick/,23 Jan 2026
David Konrad,91,https://stockanalysis.com/analysts/David-Konrad/,23 Jan 2026
Chris Snyder,92,https://stockanalysis.com/analysts/Chris-Snyder/,21 Jan 2026
James Lee,93,https://stockanalysis.com/analysts/James-Lee/,06 Nov 2025
Craig Ellis,94,https://stockanalysis.com/analysts/Craig-Ellis/,22 Jan 2026
George Wang,97,https://stockanalysis.com/analysts/George-Wang/,14 Jan 2026
Michael Lasser,99,https://stockanalysis.com/analysts/Michael-Lasser/,16 Jan 2026
Vamil Divan,100,https://stockanalysis.com/analysts/Vamil-Divan/,23 Jan 2026
Erik Woodring,101,https://stockanalysis.com/analysts/Erik-Woodring/,22 Jan 2026
Mike Colonnese,102,https://stockanalysis.com/analysts/Mike-Colonnese/,13 Jan 2026
Samik Chatterjee,103,https://stockanalysis.com/analysts/Samik-Chatterjee/,15 Jan 2026
David Smith,104,https://stockanalysis.com/analysts/David-Smith/,22 Jan 2026
Bobby Brooks,105,https://stockanalysis.com/analysts/Bobby-Brooks/,30 Dec 2025
Mircea Dobre,106,https://stockanalysis.com/analysts/Mircea-Dobre/,01 Dec 2025
Youssef Squali,107,https://stockanalysis.com/analysts/Youssef-Squali/,05 Dec 2025
Keith Horowitz,108,https://stockanalysis.com/analysts/Keith-Horowitz/,23 Jan 2026
Andres Coello,110,https://stockanalysis.com/analysts/Andres-Coello/,07 Jan 2026
James Ricchiuti,117,https://stockanalysis.com/analysts/James-Ricchiuti/,22 Jan 2026
Scott Devitt,119,https://stockanalysis.com/analysts/Scott-Devitt/,19 Dec 2025
Rob Owens,148,https://stockanalysis.com/analysts/Rob-Owens/,05 Jan 2026
Tom Narayan,180,https://stockanalysis.com/analysts/Tom-Narayan/,23 Jan 2026
del Valle,9957,empty,Not found
de Angele,9957,empty,Not found
Zixiao Yang,9957,empty,Not found
Patrick Tyler,9957,empty,Not found
Nicole Miller,9957,empty,Not found
Nichola Holowko,9957,empty,Not found
Nick Del,9957,empty,Not found
Alexander Platt,9957,empty,Not found
Mike Albanese,9957,empty,Not found
Philipp Häßler,9957,empty,Not found
Andrew Carter,9957,empty,Not found
Ming Hsun,9957,empty,Not found
Tsin Huang,9957,empty,Not found
Judith Elliott,9957,empty,Not found
Kieran De,9957,empty,Not found
Ki Bin,9957,empty,Not found
Greg Melich,9957,empty,Not found
Jason Helfstein,9957,empty,Not found
Ben Kallo,9957,empty,Not found
David Amsellem,9957,empty,Not found
Ananda Baruah,9957,empty,Not found
Robin Farley,9957,empty,Not found
Kelsey Goodwin,9957,empty,Not found
Gary Tenner,9957,empty,Not found
Ghansham Panjabi,9957,empty,Not found
Daniel Kurnos,9957,empty,Not found
Vijay Rakesh,9957,empty,Not found
George Notter,9957,empty,Not found
Ryan Deschner,9957,empty,Not found
Gabe Hajde,9957,empty,Not found
Tore Svanberg,9957,empty,Not found
Mark Palmer,9957,empty,Not found
Subbu Nambi,9957,empty,Not found
Sheila Kahyaoglu,9957,empty,Not found
Peter Winter,9957,empty,Not found
Trevor Allred,9957,empty,Not found
Alexander Potter,9957,empty,Not found
Rick Patel,9957,empty,Not found
Michael Baker,9957,empty,Not found
Boobalan Pachaiyappan,9957,empty,Not found
Christopher Allen,9957,empty,Not found
Mark Lipacis,9957,empty,Not found
Charles Shi,9957,empty,Not found
Martin Fan,9957,empty,Not found
Suji Desilva,9957,empty,Not found
John Hodulik,9957,empty,Not found
Mark Hughes,9957,empty,Not found
Gerard Cassidy,9957,empty,Not found
Hamed Khorsand,9957,empty,Not found
Allison Bratzel,9957,empty,Not found
Kristine Liwag,9957,empty,Not found
Kurt Yinger,9957,empty,Not found
Lucas Pipes,9957,empty,Not found
Yatin Suneja,9957,empty,Not found
Mehdi Hosseini,9957,empty,Not found
David Westenberg,9957,empty,Not found
Rajat Gupta,9957,empty,Not found
Brandon Couillard,9957,empty,Not found
Ananda Ghosh,9957,empty,Not found
Sean Laaman,9957,empty,Not found
Scott Searle,9957,empty,Not found
Tristan Gerra,9957,empty,Not found
Vincent Andrews,9957,empty,Not found
Yun Kim,9957,empty,Not found
Ariel Rosa,9957,empty,Not found
Scott Siefers,9957,empty,Not found
Kevin Cassidy,9957,empty,Not found
Matt Summerville,9957,empty,Not found
Steve Barger,9957,empty,Not found
Justin Crowley,9957,empty,Not found
Hal Goetsch,9957,empty,Not found
Tal Liani,9957,empty,Not found
Lance Vitanza,9957,empty,Not found
Andrew Percoco,9957,empty,Not found
Matt Olney,9957,empty,Not found
Jason Butler,9957,empty,Not found
David Williams,9957,empty,Not found
Thomas Diffely,9957,empty,Not found
Paul Treiber,9957,empty,Not found
Brian Vaccaro,9957,empty,Not found
Patrick R. Trucchio,9957,empty,Not found
Thomas Wadewitz,9957,empty,Not found
Andrew Wittmann,9957,empty,Not found
Mayank Mamtani,9957,empty,Not found
Serge Belanger,9957,empty,Not found
Brian Gesuale,9957,empty,Not found
George Sutton,9957,empty,Not found
David Karnovsky,9957,empty,Not found
Michael McGovern,9957,empty,Not found
Timothy Switzer,9957,empty,Not found
Joseph Moore,9957,empty,Not found
Christopher Rolland,9957,empty,Not found
Joseph Stauff,9957,empty,Not found
Fatima Boolani,9957,empty,Not found
Reginald Smith,9957,empty,Not found
Matthew Cost,9957,empty,Not found
Jonathan Wolleben,9957,empty,Not found
Jesse Sobelson,9957,empty,Not found
Jim Kelleher,9957,empty,Not found
Josh Beck,9957,empty,Not found
Jason Bazinet,9957,empty,Not found
Justin Jenkins,9957,empty,Not found
Derek Podhaizer,9957,empty,Not found
Jaeson Schmidt,9957,empty,Not found
Greg Harrison,9957,empty,Not found
Faisal Khurshid,9957,empty,Not found
Stephen Scouten,9957,empty,Not found
Lucas Servera,9957,empty,Not found
Heiko Ihle,9957,empty,Not found
Mike Grondahl,9957,empty,Not found
Jeff Johnson,9957,empty,Not found
Joe Ritchie,9957,empty,Not found
Brian Foran,9957,empty,Not found
Ryan Koontz,9957,empty,Not found
Paul Golding,9957,empty,Not found
Blayne Curtis,9957,empty,Not found
Gus Richard,9957,empty,Not found
John Ransom,9957,empty,Not found
James Thalacker,9957,empty,Not found
Joe Reagor,9957,empty,Not found
Gregory Lewis,9957,empty,Not found
Eric Sheridan,9957,empty,Not found
Craig Siegenthaler,9957,empty,Not found
Sangita Jain,9957,empty,Not found
Spiro Dounis,9957,empty,Not found
Benjamin Budish,9957,empty,Not found
Andrew Obin,9957,empty,Not found
Wood Lay,9957,empty,Not found
James West,9957,empty,Not found
Naved Khan,9957,empty,Not found
Julian Harrison,9957,empty,Not found
Dave Rochester,9957,empty,Not found
Chris Brendler,9957,empty,Not found
Lloyd Byrne,9957,empty,Not found
Mark Delaney,9957,empty,Not found
Tim Thein,9957,empty,Not found
Leland Gershell,9957,empty,Not found
Michael Morris,9957,empty,Not found
Ronald Josey,9957,empty,Not found
Krish Sankar,9957,empty,Not found
Michael Ng,9957,empty,Not found
Manan Gosalia,9957,empty,Not found
Omar Nokta,9957,empty,Not found
John McDonald,9957,empty,Not found
Brett Knoblauch,9957,empty,Not found
Andrew Fein,9957,empty,Not found
Liam Burke,9957,empty,Not found
Annabel Samimy,9957,empty,Not found
Robert Ohmes,9957,empty,Not found
Jeffrey Hammond,9957,empty,Not found
Mark Fitzgibbon,9957,empty,Not found
Daniel Markowitz,9957,empty,Not found
Joel Beatty,9957,empty,Not found
Joseph Vafi,9957,empty,Not found
Simon Leopold,9957,empty,Not found
Tami Zakaria,9957,empty,Not found
Eric Handler,9957,empty,Not found
Brian Mullan,9957,empty,Not found
Theresa Chen,9957,empty,Not found
Ami Fadia,9957,empty,Not found
Catherine Mealor,9957,empty,Not found
Ben Gerlinger,9957,empty,Not found
Mark Strouse,9957,empty,Not found
Matthew Caufield,9957,empty,Not found
Whitney Ijem,9957,empty,Not found
Nathan Martin,9957,empty,Not found
Debjit Chattopadhyay,9957,empty,Not found
Richard Ramsden,9957,empty,Not found
Anthony Pettinari,9957,empty,Not found
Steven Fisher,9957,empty,Not found
Glenn Schorr,9957,empty,Not found
Eddie Hickman,9957,empty,Not found
Mark Massaro,9957,empty,Not found
Roy Buchanan,9957,empty,Not found
Reuben Garner,9957,empty,Not found
Gavin Parsons,9957,empty,Not found
Timna Tanners,9957,empty,Not found
Ashish Sabadra,9957,empty,Not found
Michael Ward,9957,empty,Not found
Justin Clare,9957,empty,Not found
David Risinger,9957,empty,Not found
Edward Yang,9957,empty,Not found
Andrew Steinerman,9957,empty,Not found
Andrew Boone,9957,empty,Not found
Jessica Fye,9957,empty,Not found
Terence Flynn,9957,empty,Not found
Devin McDermott,9957,empty,Not found
Jordan Alliger,9957,empty,Not found
Jeet Mukherjee,9957,empty,Not found
Matthew Clark,9957,empty,Not found
Rachel Vatnsdal,9957,empty,Not found
Deepak Mathivanan,9957,empty,Not found
Brian Pitz,9957,empty,Not found
Daniel Imbro,9957,empty,Not found
Brennan Hawken,9957,empty,Not found
Rupesh Parikh,9957,empty,Not found
Terry McEvoy,9957,empty,Not found
Etzer Darout,9957,empty,Not found
Gary Mobley,9957,empty,Not found
Michael Rollins,9957,empty,Not found
Charles Minervino,9957,empty,Not found
John Freeman,9957,empty,Not found
Laura Martin,9957,empty,Not found
Hamza Fodderwala,9957,empty,Not found
Ed Engel,9957,empty,Not found
Biju Perincheril,9957,empty,Not found
Alex Markgraff,9957,empty,Not found
Adam Borg,9957,empty,Not found
Clark Lampen,9957,empty,Not found
Josh Schimmer,9957,empty,Not found
Jonathan Block,9957,empty,Not found
Bryan Blair,9957,empty,Not found
Christopher Horvers,9957,empty,Not found
Peter Keith,9957,empty,Not found
Brett Linzey,9957,empty,Not found
John Vinh,9957,empty,Not found
Steve Frankel,9957,empty,Not found
Keith Bachman,9957,empty,Not found
Amit Mehrotra,9957,empty,Not found
Ben Reitzes,9957,empty,Not found
David Joyce,9957,empty,Not found
Durgesh Chopra,9957,empty,Not found
Andres Maldonado,9957,empty,Not found
Ryan Levine,9957,empty,Not found
Ann Hynes,9957,empty,Not found
Shlomo Rosenbaum,9957,empty,Not found
Gabriel Moreen,9957,empty,Not found
Andrew Terrell,9957,empty,Not found
Joseph Stringer,9957,empty,Not found
Bill Sutherland,9957,empty,Not found
Tessa Romero,9957,empty,Not found
Joel Fishbein,9957,empty,Not found
Rob Sanderson,9957,empty,Not found
Jeff Martin,9957,empty,Not found
Julian Mitchell,9957,empty,Not found
Andreas Argyrides,9957,empty,Not found
Gray Powell,9957,empty,Not found
Derek Archila,9957,empty,Not found
James Yaro,9957,empty,Not found
Neil Kalton,9957,empty,Not found
Brent Thill,9957,empty,Not found
Michael Cherny,9957,empty,Not found
Gary Prestopino,9957,empty,Not found
Alan Gould,9957,empty,Not found
Brad Reback,9957,empty,Not found
Ivan Feinseth,9957,empty,Not found
Michael Halloran,9957,empty,Not found
Jamie Cook,9957,empty,Not found
Ronald Epstein,9957,empty,Not found
Brett Huff,9957,empty,Not found
Stephen Gengaro,9957,empty,Not found
Karl Keirstead,9957,empty,Not found
Kenneth Zener,9957,empty,Not found
Kristen Kluska,9957,empty,Not found
Maheep Mandloi,9957,empty,Not found
Stephen Ju,9957,empty,Not found
Mike Mayo,9957,empty,Not found
Janine Stichter,9957,empty,Not found
Andy Chen,9957,empty,Not found
Mark Murphy,9957,empty,Not found
Shrenik Kothari,9957,empty,Not found
Timothy Horan,9957,empty,Not found
Benjamin Swinburne,9957,empty,Not found
Kevin Caliendo,9957,empty,Not found
Dan Brennan,9957,empty,Not found
Christian Wetherbee,9957,empty,Not found
Manav Patnaik,9957,empty,Not found
David Koning,9957,empty,Not found
Ruplu Bhattacharya,9957,empty,Not found
Keay Nakae,9957,empty,Not found
Anupam Rama,9957,empty,Not found
Saket Kalia,9957,empty,Not found
Noah Kaye,9957,empty,Not found
John Roberts,9957,empty,Not found
Keith Weiss,9957,empty,Not found
Ebrahim Poonawala,9957,empty,Not found
Selman Akyol,9957,empty,Not found
Bobby Griffin,9957,empty,Not found
Geoff Meacham,9957,empty,Not found
Luke Junk,9957,empty,Not found
Thomas Champion,9957,empty,Not found
Jed Kelly,9957,empty,Not found
Tobey Sommer,9957,empty,Not found
Graig Suvannavejh,9957,empty,Not found
Miller Jump,9957,empty,Not found
James Hardiman,9957,empty,Not found
Catherine Schulte,9957,empty,Not found
Curtis Shauger,9957,empty,Not found
Joanne Wuensch,9957,empty,Not found
Russell Gunther,9957,empty,Not found
Peter Heckmann,9957,empty,Not found
John Ivankoe,9957,empty,Not found
Alexander Hacking,9957,empty,Not found
Tim Anderson,9957,empty,Not found
Bill Katz,9957,empty,Not found
Brad Erickson,9957,empty,Not found
David Lebowitz,9957,empty,Not found
Drew Chamberlain,9957,empty,Not found
Alexander Blostein,9957,empty,Not found
Scot Ciccarelli,9957,empty,Not found
Paul Newsome,9957,empty,Not found
Alex Kramm,9957,empty,Not found
Chip Moore,9957,empty,Not found
Cory Kasimov,9957,empty,Not found
Rick Wise,9957,empty,Not found
John Barnidge,9957,empty,Not found
John Heinbockel,9957,empty,Not found
Srikripa Devarakonda,9957,empty,Not found
Noah Poponak,9957,empty,Not found
Leonid Timashev,9957,empty,Not found
Marvin Fong,9957,empty,Not found
Bryan Keane,9957,empty,Not found
John Lovallo,9957,empty,Not found
Fawne Jiang,9957,empty,Not found
Brent Bracelin,9957,empty,Not found
Curry Baker,9957,empty,Not found
Garik Shmois,9957,empty,Not found
Michael Latimore,9957,empty,Not found
Geulah Livshits,9957,empty,Not found
David Nierengarten,9957,empty,Not found
Jacob Stephan,9957,empty,Not found
Bonnie Herzog,9957,empty,Not found
Ryan Krueger,9957,empty,Not found
Mohit Bansal,9957,empty,Not found
Steve Moss,9957,empty,Not found
Jade Rahmani,9957,empty,Not found
Brian Ossenbeck,9957,empty,Not found
Donald Fandetti,9957,empty,Not found
Simeon Siegel,9957,empty,Not found
Joseph Gallo,9957,empty,Not found
Sam Reid,9957,empty,Not found
John Colantuoni,9957,empty,Not found
Kevin Dede,9957,empty,Not found
Eric Heath,9957,empty,Not found
Michael Pachter,9957,empty,Not found
Rudy Kessinger,9957,empty,Not found
Jon Tower,9957,empty,Not found
Peter Saleh,9957,empty,Not found
Michael Rose,9957,empty,Not found
Damon Delmonte,9957,empty,Not found
Jason Gerberry,9957,empty,Not found
David Feaster,9957,empty,Not found
Silvan Tuerkcan,9957,empty,Not found
Kyle Bauser,9957,empty,Not found
Mike Hickey,9957,empty,Not found
Meyer Shields,9957,empty,Not found
Brian Meredith,9957,empty,Not found
Michael Feniger,9957,empty,Not found
Zach Cummins,9957,empty,Not found
Uy Ear,9957,empty,Not found
Ike Boruchow,9957,empty,Not found
Patrick Trucchio,9957,empty,Not found
Daniel Stauder,9957,empty,Not found
Greg Miller,9957,empty,Not found
Catherine Ramsey,9957,empty,Not found
Mike Dahl,9957,empty,Not found
Ross Sandler,9957,empty,Not found
Robert Kad,9957,empty,Not found
Konark Gupta,9957,empty,Not found
Maria Ripps,9957,empty,Not found
Derrick Wood,9957,empty,Not found
Steven Wieczynski,9957,empty,Not found
Adrienne Yih,9957,empty,Not found
Ittai Kidron,9957,empty,Not found
Bose George,9957,empty,Not found
Brian Tanquilut,9957,empty,Not found
Jiong Shao,9957,empty,Not found
Jay Sole,9957,empty,Not found
Ken Gawrelski,9957,empty,Not found
Erika Najarian,9957,empty,Not found
Kelly Motta,9957,empty,Not found
Yi Chen,9957,empty,Not found
Jay Olson,9957,empty,Not found
Patrick Scholes,9957,empty,Not found
Tim Long,9957,empty,Not found
Michael Binetti,9957,empty,Not found
Jared Shaw,9957,empty,Not found
Corey Tarlowe,9957,empty,Not found
Rafe Jadrosich,9957,empty,Not found
Michael Blum,9957,empty,Not found
Nehal Chokshi,9957,empty,Not found
Jon Windham,9957,empty,Not found
John Kernan,9957,empty,Not found
Michael Rehaut,9957,empty,Not found
Anthony Petrone,9957,empty,Not found
Gabriela Borges,9957,empty,Not found
David MacDonald,9957,empty,Not found
Owen Lau,9957,empty,Not found
Joseph Schwartz,9957,empty,Not found
Dan Leonard,9957,empty,Not found
Alexei Gogolev,9957,empty,Not found
David Anderson,9957,empty,Not found
Dara Mohsenian,9957,empty,Not found
George Kelly,9957,empty,Not found
Ashwani Verma,9957,empty,Not found
Jonathan Chappell,9957,empty,Not found
Jason Haas,9957,empty,Not found
Stephen Laszczyk,9957,empty,Not found
Matthew Galinko,9957,empty,Not found
Douglas Tsao,9957,empty,Not found
Ross Fowler,9957,empty,Not found
William Appicelli,9957,empty,Not found
Brian Nowak,9957,empty,Not found
Edward Kelly,9957,empty,Not found
John Pancari,9957,empty,Not found
Chris Schott,9957,empty,Not found
Richard Newitter,9957,empty,Not found
Andrew Nowinski,9957,empty,Not found
Kate McShane,9957,empty,Not found
Jeffrey Silber,9957,empty,Not found
Gregory Francfort,9957,empty,Not found
David Chiaverini,9957,empty,Not found
Amit Dayal,9957,empty,Not found
Christopher Kuhn,9957,empty,Not found
Alex Straton,9957,empty,Not found
Michael Brown,9957,empty,Not found
Deane Dray,9957,empty,Not found
Andrew Weisel,9957,empty,Not found
Timur Braziler,9957,empty,Not found
Ryan Todd,9957,empty,Not found
Richard Sunderland,9957,empty,Not found
Colin Rusch,9957,empty,Not found
Jeffrey Hung,9957,empty,Not found
David Tarantino,9957,empty,Not found
Eric Gonzalez,9957,empty,Not found
Judah Frommer,9957,empty,Not found
Richard Shane,9957,empty,Not found
Matthew Hedberg,9957,empty,Not found
Yun Zhong,9957,empty,Not found
Mark Altschwager,9957,empty,Not found
Howard Ma,9957,empty,Not found
Michael Lewis,9957,empty,Not found
Kevin Fischbeck,9957,empty,Not found
Glenn Mattson,9957,empty,Not found
Ken Herbert,9957,empty,Not found
Matthew Prisco,9957,empty,Not found
Sean Lee,9957,empty,Not found
Evan Seigerman,9957,empty,Not found
David Arcaro,9957,empty,Not found
Buck Horne,9957,empty,Not found
Meta Marshall,9957,empty,Not found
Jackson Ader,9957,empty,Not found
Matthew Bouley,9957,empty,Not found
Michael Cyprys,9957,empty,Not found
Nat Schindler,9957,empty,Not found
Damian Karas,9957,empty,Not found
Jeffrey Meuler,9957,empty,Not found
George Gianarikas,9957,empty,Not found
Steven Alexopoulos,9957,empty,Not found
Raj Kumar,9957,empty,Not found
Daniel Moore,9957,empty,Not found
Ben Isaacson,9957,empty,Not found
Savanthi Syth,9957,empty,Not found
Shyam Patil,9957,empty,Not found
Doug Leggate,9957,empty,Not found
David Long,9957,empty,Not found
Matthew Boss,9957,empty,Not found
Robert Drbul,9957,empty,Not found
Kyle Voigt,9957,empty,Not found
Michael Carrier,9957,empty,Not found
Chris Caso,9957,empty,Not found
Mason Carrico,9957,empty,Not found
Jake Bartlett,9957,empty,Not found
Stephanie Moore,9957,empty,Not found
Joseph Altobello,9957,empty,Not found
Robbie Marcus,9957,empty,Not found
Philip Ng,9957,empty,Not found
Ross Seymore,9957,empty,Not found
Scott Deuschle,9957,empty,Not found
Jon Arfstrom,9957,empty,Not found
Ryan Zimmerman,9957,empty,Not found
Michael Harrison,9957,empty,Not found
Blair Abernethy,9957,empty,Not found
Bascome Majors,9957,empty,Not found
Alicia Reese,9957,empty,Not found
Stephen Grambling,9957,empty,Not found
Duane Pfennigwerth,9957,empty,Not found
Leo Mariani,9957,empty,Not found
Eliana Merle,9957,empty,Not found
Joe Vruwink,9957,empty,Not found
Martin Auster,9957,empty,Not found
Cristina Fernandez,9957,empty,Not found
Anita Soni,9957,empty,Not found
Justin Walsh,9957,empty,Not found
Raimo Lenschow,9957,empty,Not found
Brad Canino,9957,empty,Not found
Richard Choe,9957,empty,Not found
Stephen Tusa,9957,empty,Not found
Simeon Gutman,9957,empty,Not found
Dave Kang,9957,empty,Not found
Mike Crawford,9957,empty,Not found
Arthur He,9957,empty,Not found
Peter Benedict,9957,empty,Not found
Ygal Arounian,9957,empty,Not found
Elyse Greenspan,9957,empty,Not found
Stephen Willey,9957,empty,Not found
Alec Brondolo,9957,empty,Not found
Richard Shannon,9957,empty,Not found
Jason Mills,9957,empty,Not found
Steven Cahall,9957,empty,Not found
Moshe Orenbuch,9957,empty,Not found
Nigel Dally,9957,empty,Not found
Stephen Richardson,9957,empty,Not found
Alex Thompson,9957,empty,Not found
Megan Alexander,9957,empty,Not found
Gautam Khanna,9957,empty,Not found
Tanya Jakusconek,9957,empty,Not found
Rob Brown,9957,empty,Not found
Christopher Schoell,9957,empty,Not found
Mike Cikos,9957,empty,Not found
Brian Peterson,9957,empty,Not found
James Schneider,9957,empty,Not found
John Blackledge,9957,empty,Not found
Josh Baer,9957,empty,Not found
Gregg Moskowitz,9957,empty,Not found
Neil Mehta,9957,empty,Not found
Peter Weed,9957,empty,Not found
Alex Zukin,9957,empty,Not found
Toshiya Hari,9957,empty,Not found
Kirk Materne,9957,empty,Not found
Brad Sills,9957,empty,Not found
Ryan Nash,9957,empty,Not found
Nicole Deblase,9957,empty,Not found
Michael Shlisky,9957,empty,Not found
Eric Coldwell,9957,empty,Not found
Ryan Pfingst,9957,empty,Not found
Thomas Chong,9957,empty,Not found
James Rollyson,9957,empty,Not found
Daniel Major,9957,empty,Not found
Steven Enders,9957,empty,Not found
Dan Dolev,9957,empty,Not found
Carter Gould,9957,empty,Not found
Robert Mason,9957,empty,Not found
Justin Patterson,9957,empty,Not found
Jim Duffy,9957,empty,Not found
Daniel Kutz,9957,empty,Not found
Matthew Sheerin,9957,empty,Not found
Melissa Fairbanks,9957,empty,Not found
Anthony Vendetti,9957,empty,Not found
David Lantz,9957,empty,Not found
Kash Rangan,9957,empty,Not found
Shaul Eyal,9957,empty,Not found
Brian MacArthur,9957,empty,Not found
Jeffrey Stevenson,9957,empty,Not found
Steven Delaney,9957,empty,Not found
Brian Skorney,9957,empty,Not found
Joseph Feldman,9957,empty,Not found
Jayson Bedford,9957,empty,Not found
Sanjay Sakhrani,9957,empty,Not found
Shneur Gershuni,9957,empty,Not found
Gil Blum,9957,empty,Not found
Kevin Steinke,9957,empty,Not found
Ken Wong,9957,empty,Not found
John Staszak,9957,empty,Not found
Barton Crockett,9957,empty,Not found
Ovais Habib,9957,empty,Not found
Roger Song,9957,empty,Not found
Bernie McTernan,9957,empty,Not found
Olivia Tong,9957,empty,Not found
Aidan Hall,9957,empty,Not found
David Vernon,9957,empty,Not found
Paul Johnson,9957,empty,Not found
Christian Schwab,9957,empty,Not found
Louie DiPalma,9957,empty,Not found
Mark Shmulik,9957,empty,Not found
Danielle Brill,9957,empty,Not found
Ed Arce,9957,empty,Not found
Luca Issi,9957,empty,Not found
Tyler Radke,9957,empty,Not found
Patrick Donnelly,9957,empty,Not found
Lorraine Hutchinson,9957,empty,Not found
Sudan Loganathan,9957,empty,Not found
Anthony Crowdell,9957,empty,Not found
David George,9957,empty,Not found
David Strauss,9957,empty,Not found
Swayampakula Ramakanth,9957,empty,Not found
Eric Wold,9957,empty,Not found
Bryan Kraft,9957,empty,Not found
Austin Moeller,9957,empty,Not found
Michael Lavery,9957,empty,Not found
Larry Biegelsen,9957,empty,Not found
Nicholas Campanella,9957,empty,Not found
David Rescott,9957,empty,Not found
Laurence Alexander,9957,empty,Not found
Scott Schneeberger,9957,empty,Not found
Brandt Montour,9957,empty,Not found
Brian Essex,9957,empty,Not found
Paul Lejuez,9957,empty,Not found
Matt Miksic,9957,empty,Not found
Walter Spracklin,9957,empty,Not found
Bryan Burgmeier,9957,empty,Not found
Sabahat Khan,9957,empty,Not found
Sameer Joshi,9957,empty,Not found
David Grossman,9957,empty,Not found
Shweta Khajuria,9957,empty,Not found
Mayank Tandon,9957,empty,Not found
Jamie Baker,9957,empty,Not found
Austin Wurschmidt,9957,empty,Not found
Lee Hambright,9957,empty,Not found
Katja Jancic,9957,empty,Not found
Chris Dankert,9957,empty,Not found
Susan Anderson,9957,empty,Not found
Ian Zaffino,9957,empty,Not found
David Rodgers,9957,empty,Not found
Erik Suppiger,9957,empty,Not found
Christopher LeFemina,9957,empty,Not found
Matthew Gillmor,9957,empty,Not found
Jeffrey Zekauskas,9957,empty,Not found
Stephen Biggar,9957,empty,Not found
Andrew Liesch,9957,empty,Not found
Caitlin Cronin,9957,empty,Not found
Eric Luebchow,9957,empty,Not found
Manav Gupta,9957,empty,Not found
Jeremy Tonet,9957,empty,Not found
Gary Nachman,9957,empty,Not found
Yasmeen Rahimi,9957,empty,Not found
Alicia Yap,9957,empty,Not found
Jonathan Ruykhaver,9957,empty,Not found
Marie Thibault,9957,empty,Not found
Mark Schappel,9957,empty,Not found
Anthony Paolone,9957,empty,Not found
Douglas Miehm,9957,empty,Not found
Patrick Cunningham,9957,empty,Not found
Mitchell Kapoor,9957,empty,Not found
Lawson Winder,9957,empty,Not found
Bill Selesky,9957,empty,Not found
Suneet Kamath,9957,empty,Not found
James Fish,9957,empty,Not found
Thomas Blakey,9957,empty,Not found
Gaurav Jain,9957,empty,Not found
Josh Wolfson,9957,empty,Not found
Oliver Wintermantel,9957,empty,Not found
John DiFucci,9957,empty,Not found
Ken Hoexter,9957,empty,Not found
Tom Forte,9957,empty,Not found
Tomohiko Sano,9957,empty,Not found
Brian McKenna,9957,empty,Not found
Joshua Shanker,9957,empty,Not found
Max Rakhlenko,9957,empty,Not found
Ken Goldman,9957,empty,Not found
Roger Read,9957,empty,Not found
Liisa Bayko,9957,empty,Not found
Patrick Jones,9957,empty,Not found
Kenneth Lee,9957,empty,Not found
Sandeep Deshpande,9957,empty,Not found
Raghuram Selvaraju,9957,empty,Not found
Catharine Trebnick,9957,empty,Not found
Daniel Tamayo,9957,empty,Not found
Chris Parkinson,9957,empty,Not found
Paul Zimbardo,9957,empty,Not found
Greg Pardy,9957,empty,Not found
Anthony Stoss,9957,empty,Not found
Jonathan Komp,9957,empty,Not found
Praneeth Satish,9957,empty,Not found
Michael Wiederhorn,9957,empty,Not found
Michael Zaremski,9957,empty,Not found
Danielle Antalffy,9957,empty,Not found
Scott Gruber,9957,empty,Not found
Koji Ikeda,9957,empty,Not found
Joshua Chan,9957,empty,Not found
Leah Jordan,9957,empty,Not found
David Windley,9957,empty,Not found
Jimmy Bhullar,9957,empty,Not found
Michael Carroll,9957,empty,Not found
James Heaney,9957,empty,Not found
Benjamin Black,9957,empty,Not found
Omar Dessouky,9957,empty,Not found
Adrian Huerta,9957,empty,Not found
Peter Peng,9957,empty,Not found
Peter Christiansen,9957,empty,Not found
Andrew Marok,9957,empty,Not found
Adam Maeder,9957,empty,Not found
Brian Bittner,9957,empty,Not found
Stephen Volkmann,9957,empty,Not found
Debanjana Chatterjee,9957,empty,Not found
Soumit Roy,9957,empty,Not found
Edward Nash,9957,empty,Not found
Anna Andreeva,9957,empty,Not found
Jonathan Matuszewski,9957,empty,Not found
Stacy Rasgon,9957,empty,Not found
Lauren Silberman,9957,empty,Not found
Nicole Germino,9957,empty,Not found
Benjamin Gerlinger,9957,empty,Not found
Christine Cho,9957,empty,Not found
James Faucette,9957,empty,Not found
Michael Roxland,9957,empty,Not found
Andrew Jeffrey,9957,empty,Not found
Laura Prendergast,9957,empty,Not found
John McNulty,9957,empty,Not found
David Motemaden,9957,empty,Not found
Devin Dodge,9957,empty,Not found
Dana Telsey,9957,empty,Not found
Troy Jensen,9957,empty,Not found
Scott Stember,9957,empty,Not found
Stanley Elliott,9957,empty,Not found
Arren Cyganovich,9957,empty,Not found
Peter Levine,9957,empty,Not found
Brad Capuzzi,9957,empty,Not found
Michael Swartz,9957,empty,Not found
Simon Yarmak,9957,empty,Not found
Lizzie Dove,9957,empty,Not found
Brian Lee,9957,empty,Not found
Ritu Baral,9957,empty,Not found
Andrew Strelzik,9957,empty,Not found
Saul Martinez,9957,empty,Not found
Lee Horowitz,9957,empty,Not found
David Hynes,9957,empty,Not found
Laura Chico,9957,empty,Not found
Randal Konik,9957,empty,Not found
Guy Hardwick,9957,empty,Not found
Aaron Kessler,9957,empty,Not found
Kaio Prato,9957,empty,Not found
Charles Duncan,9957,empty,Not found
Adam Tindle,9957,empty,Not found
John Dunn,9957,empty,Not found
William Crow,9957,empty,Not found
Michael Walkley,9957,empty,Not found
Kyle Mikson,9957,empty,Not found
Craig Kennison,9957,empty,Not found
Olivia Brayer,9957,empty,Not found
Daniel Politzer,9957,empty,Not found
Vincent Colicchio,9957,empty,Not found
Jeffrey Bernstein,9957,empty,Not found
Gautam Chhugani,9957,empty,Not found
Joseph Bonner,9957,empty,Not found
Frank Lee,9957,empty,Not found
Melissa Weathers,9957,empty,Not found
Thiago Batista,9957,empty,Not found
Andrew Charles,9957,empty,Not found
David Hoang,9957,empty,Not found
Brandon Oglenski,9957,empty,Not found
Darko Mihelic,9957,empty,Not found
Ronald Kamdem,9957,empty,Not found
Mark Carden,9957,empty,Not found
Bryan Bergin,9957,empty,Not found
John Glass,9957,empty,Not found
Terry Tillman,9957,empty,Not found
Yaron Kinar,9957,empty,Not found
Matt McGinley,9957,empty,Not found
Steven Shemesh,9957,empty,Not found
Jeremy Hamblin,9957,empty,Not found
John Eade,9957,empty,Not found
Darrin Peller,9957,empty,Not found
Matt Koranda,9957,empty,Not found
Paul Choi,9957,empty,Not found
Jason Goldberg,9957,empty,Not found
Bill Peterson,9957,empty,Not found
Mihir Bhatia,9957,empty,Not found
Brian Kinstlinger,9957,empty,Not found
Brian Bedell,9957,empty,Not found
Kyle Joseph,9957,empty,Not found
Benjamin Burnett,9957,empty,Not found
Jeff Rulis,9957,empty,Not found
Peter Grom,9957,empty,Not found
Matthew Condon,9957,empty,Not found
Pablo Monsivais,9957,empty,Not found
Alex Bond,9957,empty,Not found
Michael Diana,9957,empty,Not found
William Plovanic,9957,empty,Not found
Chris Carey,9957,empty,Not found
Steven Forbes,9957,empty,Not found
Adam Jonas,9957,empty,Not found
Greg Palm,9957,empty,Not found
Sebastiano Petti,9957,empty,Not found
Chris LaFemina,9957,empty,Not found
Erik Rasmussen,9957,empty,Not found
Matthew Biegler,9957,empty,Not found
Gil Luria,9957,empty,Not found
Bradley Sills,9957,empty,Not found
Brian Schwartz,9957,empty,Not found
Toni Kaplan,9957,empty,Not found
Subash Chandra,9957,empty,Not found
Matthew Harrison,9957,empty,Not found
Bryan Spillane,9957,empty,Not found
Timothy Wojs,9957,empty,Not found
Pito Chickering,9957,empty,Not found
Daniel Fannon,9957,empty,Not found
Kevin Kopelman,9957,empty,Not found
Daniel Ford,9957,empty,Not found
Alexander Sklar,9957,empty,Not found
Michael Sison,9957,empty,Not found
Alex Scott,9957,empty,Not found
Ryan Kenny,9957,empty,Not found
Steven Valiquette,9957,empty,Not found
Dennis Geiger,9957,empty,Not found
Anthony Bonadio,9957,empty,Not found
Kyle Peterson,9957,empty,Not found
Arun Jayaram,9957,empty,Not found
Siti Panigrahi,9957,empty,Not found
Vijay Kumar,9957,empty,Not found
Shagun Singh,9957,empty,Not found
Brian Harbour,9957,empty,Not found
Scott Buck,9957,empty,Not found
Salveen Richter,9957,empty,Not found
Ben Hendrix,9957,empty,Not found
Brian McNamara,9957,empty,Not found
David Vogt,9957,empty,Not found
Andrew Mok,9957,empty,Not found
Richard Anderson,9957,empty,Not found
Sam Margolin,9957,empty,Not found
David Toung,9957,empty,Not found
Joseph Catanzaro,9957,empty,Not found
Brandon Folkes,9957,empty,Not found
Crispin Love,9957,empty,Not found
Brooke Roach,9957,empty,Not found
Janet Lee,9957,empty,Not found
Drew Crum,9957,empty,Not found
Harry Fong,9957,empty,Not found
Mario Saric,9957,empty,Not found
James Goss,9957,empty,Not found
Steven Zaccone,9957,empty,Not found
Betsy Graseck,9957,empty,Not found
Tazeen Ahmad,9957,empty,Not found
Pinjalim Bora,9957,empty,Not found
Adam Bubes,9957,empty,Not found
Will Nance,9957,empty,Not found
Scott Hanold,9957,empty,Not found
Mitch Germain,9957,empty,Not found
Andrew Cooper,9957,empty,Not found
Robert Wasserman,9957,empty,Not found
Luke Sergott,9957,empty,Not found
Michael Bellisario,9957,empty,Not found
Julien Blouin,9957,empty,Not found
Allen Lutz,9957,empty,Not found
Batya Levi,9957,empty,Not found
Barry Jonas,9957,empty,Not found
Ashley Helgans,9957,empty,Not found
Tao Qiu,9957,empty,Not found
Anthony Chukumba,9957,empty,Not found
Jeff Grampp,9957,empty,Not found
Gerry Sweeney,9957,empty,Not found
Andrew Kligerman,9957,empty,Not found
James Feldman,9957,empty,Not found
Matthew Taylor,9957,empty,Not found
Justin Kleber,9957,empty,Not found
Todd Thomas,9957,empty,Not found
Joshua Spector,9957,empty,Not found
Andrea Teixeira,9957,empty,Not found
Mike Matson,9957,empty,Not found
Aleksey Yefremov,9957,empty,Not found
Sophie Karp,9957,empty,Not found
Kevin Heal,9957,empty,Not found
David Begleiter,9957,empty,Not found
John Royall,9957,empty,Not found
Nicholas Amicucci,9957,empty,Not found
Gregory Renza,9957,empty,Not found
Eric Beaumont,9957,empty,Not found
Kingsley Crane,9957,empty,Not found
Jason Seidl,9957,empty,Not found
Daniel Jester,9957,empty,Not found
Lisa Gill,9957,empty,Not found
Stephen Kim,9957,empty,Not found
Kevin Fitzsimmons,9957,empty,Not found
David Lebovitz,9957,empty,Not found
Eddie Leung,9957,empty,Not found
Mathew Blackman,9957,empty,Not found
Ryan MacWilliams,9957,empty,Not found
Ryan Macwilliams,9957,empty,Not found
Ashwin Shirvaikar,9957,empty,Not found
Ricky Goldwasser,9957,empty,Not found
Peter Supino,9957,empty,Not found
Vik Chopra,9957,empty,Not found
Chad Beynon,9957,empty,Not found
Roger Boyd,9957,empty,Not found
Christopher Raymond,9957,empty,Not found
Thomas Gallagher,9957,empty,Not found
Eric Hagen,9957,empty,Not found
Joshua Reilly,9957,empty,Not found
Stephen Baxter,9957,empty,Not found
Brian Nagel,9957,empty,Not found
Sachin Salgaonkar,9957,empty,Not found
Jasper Bibb,9957,empty,Not found
Jimmy Shan,9957,empty,Not found
Sean Milligan,9957,empty,Not found
Casey Alexander,9957,empty,Not found
Dori Kesten,9957,empty,Not found
Douglas Harter,9957,empty,Not found
Kelly Bania,9957,empty,Not found
Mark Moerdler,9957,empty,Not found
Edison Yu,9957,empty,Not found
Mark Lear,9957,empty,Not found
Phillip Jungwirth,9957,empty,Not found
Manuel Navas,9957,empty,Not found
Chris Graja,9957,empty,Not found
Benjamin Soff,9957,empty,Not found
David Saxon,9957,empty,Not found
Jonathan Atkin,9957,empty,Not found
Neal Dingmann,9957,empty,Not found
Robert Ottenstein,9957,empty,Not found
Mario Lu,9957,empty,Not found
Ted Jackson,9957,empty,Not found
Derek Soderberg,9957,empty,Not found
Michael Turrin,9957,empty,Not found
Benjamin Theurer,9957,empty,Not found
Cory Carpenter,9957,empty,Not found
Ben Chaiken,9957,empty,Not found
John Baumgartner,9957,empty,Not found
Duffy Fischer,9957,empty,Not found
Simon Coles,9957,empty,Not found
George Choi,9957,empty,Not found
Biren Amin,9957,empty,Not found
Matthew Harrigan,9957,empty,Not found
Glen Santangelo,9957,empty,Not found
Robert Cox,9957,empty,Not found
Peter Osterland,9957,empty,Not found
Michael Montani,9957,empty,Not found
Yigal Nochomovitz,9957,empty,Not found
Michael Legg,9957,empty,Not found
John Kim,9957,empty,Not found
Zhihan Ma,9957,empty,Not found
Nathan Feather,9957,empty,Not found
Rob Dickerson,9957,empty,Not found
Bert Subin,9957,empty,Not found
Sidney Ho,9957,empty,Not found
Patrick Walravens,9957,empty,Not found
Tejas Savant,9957,empty,Not found
Vikram Malhorta,9957,empty,Not found
Terry Ma,9957,empty,Not found
Andrew Sherman,9957,empty,Not found
Vijay Jayant,9957,empty,Not found
Wilma Burdis,9957,empty,Not found
Edward Tenthoff,9957,empty,Not found
John Kilichowski,9957,empty,Not found
Peter Galbo,9957,empty,Not found
Steve Powers,9957,empty,Not found
Jed Dorsheimer,9957,empty,Not found
Steven Seedhouse,9957,empty,Not found
Rob Oliver,9957,empty,Not found
Tiago Fauth,9957,empty,Not found
Aaron Hecht,9957,empty,Not found
Corinne Johnson,9957,empty,Not found
Lee Krowl,9957,empty,Not found
Kevin Liu,9957,empty,Not found
Eric Winmill,9957,empty,Not found
Tom Nikic,9957,empty,Not found
Matthew Erdner,9957,empty,Not found
Steve Sakwa,9957,empty,Not found
Ross Gilardi,9957,empty,Not found
Matthew McClintock,9957,empty,Not found
Gena Wang,9957,empty,Not found
Curt Woodworth,9957,empty,Not found
Frank Louthan,9957,empty,Not found
Kannan Venkateshwar,9957,empty,Not found
Robert Burns,9957,empty,Not found
Patrick Colville,9957,empty,Not found
Surinder Thind,9957,empty,Not found
Patrick Wood,9957,empty,Not found
Marc Bianchi,9957,empty,Not found
Pierre Ferragu,9957,empty,Not found
Paul Cheng,9957,empty,Not found
David Palmer,9957,empty,Not found
Tommy McJoynt,9957,empty,Not found
John Hecht,9957,empty,Not found
Brad Zelnick,9957,empty,Not found
Trevor Williams,9957,empty,Not found
Myles Walton,9957,empty,Not found
Karol Chmiel,9957,empty,Not found
Matthew Murphy,9957,empty,Not found
Mohammed Khallouf,9957,empty,Not found
Patrick Brown,9957,empty,Not found
Mike Polark,9957,empty,Not found
Jason Gabelman,9957,empty,Not found
Mark Weintraub,9957,empty,Not found
Richard Repetto,9957,empty,Not found
Daniel Chan,9957,empty,Not found
Chris Baker,9957,empty,Not found
Adam Hotchkiss,9957,empty,Not found
Suraj Kalia,9957,empty,Not found
Ameet Thakkar,9957,empty,Not found
Vikram Malhotra,9957,empty,Not found
Jonathan Hughes,9957,empty,Not found
Vladimir Bystricky,9957,empty,Not found
Jeff Jones,9957,empty,Not found
Matthew Smith,9957,empty,Not found
Samantha Semenkow,9957,empty,Not found
Tom White,9957,empty,Not found
Mark Zgutowicz,9957,empty,Not found
Alex Yao,9957,empty,Not found
Mark DeVries,9957,empty,Not found
Mark Devries,9957,empty,Not found
Yuri Fernandes,9957,empty,Not found
Ali Faghri,9957,empty,Not found
Srini Pajjuir,9957,empty,Not found
Thomas Flaten,9957,empty,Not found
Timothy Chiodo,9957,empty,Not found
Ric Prentiss,9957,empty,Not found
Clarke Jeffries,9957,empty,Not found
Trevor Young,9957,empty,Not found
Sara Senatore,9957,empty,Not found
Josh Nichols,9957,empty,Not found
Louis Miscioscia,9957,empty,Not found
James Sheehan,9957,empty,Not found
Brad Heffern,9957,empty,Not found
Stephen Trent,9957,empty,Not found
Dominick Gabriele,9957,empty,Not found
Robert Moskow,9957,empty,Not found
Austin Bohlig,9957,empty,Not found
Cameron Bean,9957,empty,Not found
Nigel Coe,9957,empty,Not found
Daley Li,9957,empty,Not found
Max Michaelis,9957,empty,Not found
Andrea Newkirk,9957,empty,Not found
Scott Ciccarelli,9957,empty,Not found
Robert Driscoll,9957,empty,Not found
Keith Mackey,9957,empty,Not found
Jack Meehan,9957,empty,Not found
Mike Cyprys,9957,empty,Not found
Jeff Cohen,9957,empty,Not found
Sohrab Movahedi,9957,empty,Not found
Simon Flannery,9957,empty,Not found
Doug Creutz,9957,empty,Not found
Erin Wright,9957,empty,Not found
Jennifer Demba,9957,empty,Not found
Jeff Kessler,9957,empty,Not found
Eric Schmidt,9957,empty,Not found
Joseph Pantginis,9957,empty,Not found
Yanan Zhu,9957,empty,Not found
Omar Mejias,9957,empty,Not found
Mathieu Robilliard,9957,empty,Not found
Robert Dodd,9957,empty,Not found
Andrew Uerkwitz,9957,empty,Not found
Bill Papanastasiou,9957,empty,Not found
Cosmos Chiu,9957,empty,Not found
Thomas Shrader,9957,empty,Not found
Nicholas Yulico,9957,empty,Not found
Arpine Kocharyan,9957,empty,Not found
Stan Zlotsky,9957,empty,Not found
Stephen Glagola,9957,empty,Not found
Elizabeth Garcia,9957,empty,Not found
Philip Shen,9957,empty,Not found
Eric Martinuzzi,9957,empty,Not found
Joshua Buchalter,9957,empty,Not found
Omotayo Okusanya,9957,empty,Not found
Steve Fleishman,9957,empty,Not found
Brian Drab,9957,empty,Not found
Bruno Montanari,9957,empty,Not found
Mariana Perez,9957,empty,Not found
Darren Aftahi,9957,empty,Not found
Joseph Giordano,9957,empty,Not found
Brady Gailey,9957,empty,Not found
Joanna Gajuk,9957,empty,Not found
Nathan Rice,9957,empty,Not found
Stephen Bersey,9957,empty,Not found
Marc Goodman,9957,empty,Not found
Alexander Slagle,9957,empty,Not found
Myles Allsop,9957,empty,Not found
Ben Mohr,9957,empty,Not found
Michael Schmitz,9957,empty,Not found
Shane Brett,9957,empty,Not found
Mickey Schleien,9957,empty,Not found
Faiza Alwy,9957,empty,Not found
Jake Sekelsky,9957,empty,Not found
Chris Raymond,9957,empty,Not found
David Hicks,9957,empty,Not found
Ati Modak,9957,empty,Not found
Joe Quatrochi,9957,empty,Not found
Medhi Hosseini,9957,empty,Not found
Charles Nabhan,9957,empty,Not found
John Egbert,9957,empty,Not found
Marcio Farid,9957,empty,Not found
Mike Harris,9957,empty,Not found
Sean McCutcheon,9957,empty,Not found
George Hill,9957,empty,Not found
Christopher Carril,9957,empty,Not found
Rajesh Kumar,9957,empty,Not found
Francisco Suarez,9957,empty,Not found
Craig Hutchison,9957,empty,Not found
Robert Stallard,9957,empty,Not found
Patrick Sholl,9957,empty,Not found
Philippe Houchois,9957,empty,Not found
Kunal Madhukar,9957,empty,Not found
Sebastien Naji,9957,empty,Not found
Sanjeev Rana,9957,empty,Not found
Steven Lichtman,9957,empty,Not found
John Mackay,9957,empty,Not found
Doug Schenkel,9957,empty,Not found
Timothy Coffey,9957,empty,Not found
Charles Zhou,9957,empty,Not found
Dennis Ip,9957,empty,Not found
Brian Holland,9957,empty,Not found
Paul Fremont,9957,empty,Not found
Randy Binner,9957,empty,Not found
Paul Matteis,9957,empty,Not found
Christopher Nardone,9957,empty,Not found
Cherilyn Radbourne,9957,empty,Not found
Michael Jalonen,9957,empty,Not found
Connor Murphy,9957,empty,Not found
Pooran Sharma,9957,empty,Not found
Michael Perito,9957,empty,Not found
Robert Brown,9957,empty,Not found
James Sidoti,9957,empty,Not found
Andrew Baum,9957,empty,Not found
Federico Merendi,9957,empty,Not found
Sam Crittenden,9957,empty,Not found
Madhu Kumar,9957,empty,Not found
Kevin Barker,9957,empty,Not found
Amos Fletcher,9957,empty,Not found
Andrea Alfonso,9957,empty,Not found
Levi Spry,9957,empty,Not found
Tim Huff,9957,empty,Not found
Alex Platt,9957,empty,Not found
Ed Yang,9957,empty,Not found
Daniel Magder,9957,empty,Not found
Papa Sylla,9957,empty,Not found
Sam Slutsky,9957,empty,Not found
Jean Ann,9957,empty,Not found
Bennett Moore,9957,empty,Not found
Daniel Hibshman,9957,empty,Not found
Matt Roberts,9957,empty,Not found
Michael Weinstein,9957,empty,Not found
Steven Chubak,9957,empty,Not found
Matt OBrien,9957,empty,Not found
Vikram Gandhi,9957,empty,Not found
Mark Cash,9957,empty,Not found
Ralph Profiti,9957,empty,Not found
Steve Seedhouse,9957,empty,Not found
Vitor Tomita,9957,empty,Not found
Jonathan Reeder,9957,empty,Not found
Vivek Juneja,9957,empty,Not found
Scott Graham,9957,empty,Not found
Max Hopkins,9957,empty,Not found
Asad Haider,9957,empty,Not found
Jefferson Harralson,9957,empty,Not found
Charles Meade,9957,empty,Not found
Matthew Summerville,9957,empty,Not found
Phillip Blee,9957,empty,Not found
Kelly Shi,9957,empty,Not found
Orest Wowkodaw,9957,empty,Not found
Andrew Andersen,9957,empty,Not found
Greg Lewis,9957,empty,Not found
Michael Gaugler,9957,empty,Not found
Carly Kenselaar,9957,empty,Not found
Maher Yaghi,9957,empty,Not found
Lance Wilkes,9957,empty,Not found
Maria Thibault,9957,empty,Not found
Ryan Merkel,9957,empty,Not found
Pradeep Ramani,9957,empty,Not found
Alberto Valerio,9957,empty,Not found
Ross Sparenblek,9957,empty,Not found
Joseph Dickerson,9957,empty,Not found
John Rogers,9957,empty,Not found
David Stanton,9957,empty,Not found
Andy Barish,9957,empty,Not found
Daniel Clark,9957,empty,Not found
Joel Lederman,9957,empty,Not found
Brian Fitzgerald,9957,empty,Not found
Marcelo Santos,9957,empty,Not found
Bryce Rowe,9957,empty,Not found
Alexander Duval,9957,empty,Not found
Christopher Liu,9957,empty,Not found
Griffin Bryan,9957,empty,Not found
Michael Doumet,9957,empty,Not found
James Fotheringham,9957,empty,Not found
Michael Morton,9957,empty,Not found
Lisa Walter,9957,empty,Not found
Anne Meisner,9957,empty,Not found
Scott Davis,9957,empty,Not found
Michael Cho,9957,empty,Not found
Ellie Jiang,9957,empty,Not found
Anne Ling,9957,empty,Not found
Trevor Allinson,9957,empty,Not found
Cerena Chen,9957,empty,Not found
Elizabeth Suzuki,9957,empty,Not found
Ross Muken,9957,empty,Not found
Farzin Haque,9957,empty,Not found
Maxwell Skor,9957,empty,Not found
Alex Nowark,9957,empty,Not found
David Motemeden,9957,empty,Not found
Adam Vogel,9957,empty,Not found
Jason Wittes,9957,empty,Not found
Robert Fishman,9957,empty,Not found
Ken Worthington,9957,empty,Not found
Tyler Batory,9957,empty,Not found
Jonathan Petersen,9957,empty,Not found
Jon Hickman,9957,empty,Not found
Chuck Grom,9957,empty,Not found
Brandon Vazquez,9957,empty,Not found
Jonathan Ho,9957,empty,Not found
Alex Haissl,9957,empty,Not found
Linda Huang,9957,empty,Not found
Louis Raffetto,9957,empty,Not found
Kelsey Chia,9957,empty,Not found
Saree Boroditsky,9957,empty,Not found
Michael Siperco,9957,empty,Not found
Gregory Miller,9957,empty,Not found
Brian Morrison,9957,empty,Not found
Edlain Rodriguez,9957,empty,Not found
Jeff Schmitt,9957,empty,Not found
Steven Etoch,9957,empty,Not found
Wei Fang,9957,empty,Not found
Michael Minchak,9957,empty,Not found
Brock Vandervliet,9957,empty,Not found
Erwan Rambourg,9957,empty,Not found
Robert Young,9957,empty,Not found
Radi Sultan,9957,empty,Not found
James Callahan,9957,empty,Not found
Vincent Sinisi,9957,empty,Not found
Christine Dooley,9957,empty,Not found
Kian Abouhossein,9957,empty,Not found
Alexander Pearce,9957,empty,Not found
Christopher Merwin,9957,empty,Not found
Bruno Amorim,9957,empty,Not found
John Wilkin,9957,empty,Not found
Jamie Clark,9957,empty,Not found
Brent Navon,9957,empty,Not found
David Lewis,9957,empty,Not found
Karl Shepard,9957,empty,Not found
Richa Harnain,9957,empty,Not found
Hamir Patel,9957,empty,Not found
James Gordon,9957,empty,Not found
Matthew Weston,9957,empty,Not found
Camille Bonnel,9957,empty,Not found
George Bose,9957,empty,Not found
Patrick Kenny,9957,empty,Not found
Adam Samuelson,9957,empty,Not found
James Shin,9957,empty,Not found
Matthew Hershenhorn,9957,empty,Not found
Samantha Hoh,9957,empty,Not found
Juan Sanabria,9957,empty,Not found
Sharon Zackfia,9957,empty,Not found
David Belinger,9957,empty,Not found
Paul Jeng,9957,empty,Not found
Alejandro Demichelis,9957,empty,Not found
Lu Li,9957,empty,Not found
George Galliers,9957,empty,Not found
Phil Hardie,9957,empty,Not found
Alexander Waters,9957,empty,Not found
Victoria McCulloch,9957,empty,Not found
Joyce Ju,9957,empty,Not found
Brent Dilts,9957,empty,Not found
David Bishop,9957,empty,Not found
Luke Hannan,9957,empty,Not found
Mickey Legg,9957,empty,Not found
Mike Kratky,9957,empty,Not found
Simon Clinch,9957,empty,Not found
Philip Cusick,9957,empty,Not found
Gregory Fraser,9957,empty,Not found
Tom Hayes,9957,empty,Not found
Jared Dinges,9957,empty,Not found
Ed Vyvyan,9957,empty,Not found
Mike Morris,9957,empty,Not found
Sean McLoughlin,9957,empty,Not found
Aneesha Sherman,9957,empty,Not found
Jim Sanderson,9957,empty,Not found
Mark Newman,9957,empty,Not found
Connor Siversky,9957,empty,Not found
Zhijing Liu,9957,empty,Not found
Edward DeArias,9957,empty,Not found
Ricardo Rezende,9957,empty,Not found
Wesley Brooks,9957,empty,Not found
Filippo Falorni,9957,empty,Not found
Thiago Bortoluci,9957,empty,Not found
Ben Miller,9957,empty,Not found
Joseph Cardoso,9957,empty,Not found
Ilya Zubkov,9957,empty,Not found
Ryan Gravett,9957,empty,Not found
Matt Breese,9957,empty,Not found
Emma Xu,9957,empty,Not found
Prakhar Agrawal,9957,empty,Not found
Shaun Kelley,9957,empty,Not found
Craig Hettenbach,9957,empty,Not found
Heather Balsky,9957,empty,Not found
Brian Quast,9957,empty,Not found
Steven Madden,9957,empty,Not found
Anna Lizzul,9957,empty,Not found
Joe Goodwin,9957,empty,Not found
Stephen Byrd,9957,empty,Not found
Carlos Peyrelongue,9957,empty,Not found
Abhi Agarwal,9957,empty,Not found
Nick Pope,9957,empty,Not found
Tom McGovern,9957,empty,Not found
Tito Labarta,9957,empty,Not found
Vijit Jain,9957,empty,Not found
Raj Sharma,9957,empty,Not found
Robert Farnam,9957,empty,Not found
Jonathan Yong,9957,empty,Not found
Steve Hansen,9957,empty,Not found
Alexandria Hammond,9957,empty,Not found
Alex Irving,9957,empty,Not found
Greg Parrish,9957,empty,Not found
John Massocca,9957,empty,Not found
Todd Coupland,9957,empty,Not found
Adam Baumgarten,9957,empty,Not found
Barry Oxford,9957,empty,Not found
Anthony Valentini,9957,empty,Not found
Chad Larkin,9957,empty,Not found
Jefferey Hammond,9957,empty,Not found
Sergey Glinyanov,9957,empty,Not found
Alexia Howard,9957,empty,Not found
Paul Coster,9957,empty,Not found
Prashant Rao,9957,empty,Not found
Brian Martin,9957,empty,Not found
Kelly Crago,9957,empty,Not found
Joe Giordano,9957,empty,Not found
Conor Fitzpatrick,9957,empty,Not found
Matt Venezia,9957,empty,Not found
Bryan Maher,9957,empty,Not found
Lauren Lieberman,9957,empty,Not found
Rob Wertheimer,9957,empty,Not found
Dan Bergstrom,9957,empty,Not found
Derick Ma,9957,empty,Not found
Robert Labick,9957,empty,Not found
Douglas Harned,9957,empty,Not found
Carl Byrnes,9957,empty,Not found
Daniel Osley,9957,empty,Not found
Bart Dziarski,9957,empty,Not found
Connor Lynagh,9957,empty,Not found
Danilo Gargiulo,9957,empty,Not found
Michael Kaye,9957,empty,Not found
Sheila McGrath,9957,empty,Not found
Arthur Truslove,9957,empty,Not found
Joshua Jennings,9957,empty,Not found
Alexandra Yates,9957,empty,Not found
Namita Samtani,9957,empty,Not found
Joel Jackson,9957,empty,Not found
Michael Gorman,9957,empty,Not found
David Bellinger,9957,empty,Not found
Robert Hope,9957,empty,Not found
Brett Rabatin,9957,empty,Not found
Karen Holthouse,9957,empty,Not found
Avinatan Jaroslawicz,9957,empty,Not found
Alex Stranahan,9957,empty,Not found
Abhishek Shukla,9957,empty,Not found
Jairam Nathan,9957,empty,Not found
Mani Foroohar,9957,empty,Not found
Chad Bennett,9957,empty,Not found
Rich Hilliker,9957,empty,Not found
Paul Rossington,9957,empty,Not found
Elizabeth Sun,9957,empty,Not found
Jason Weaver,9957,empty,Not found
Michael Mueller,9957,empty,Not found
Tom Fitzgerald,9957,empty,Not found
Daryl Young,9957,empty,Not found
Christopher Marinac,9957,empty,Not found
MarK Shutley,9957,empty,Not found
Sathish Kasinathan,9957,empty,Not found
Timothy Hoff,9957,empty,Not found
Ashley Wallace,9957,empty,Not found
Steve Wieczynski,9957,empty,Not found
Whit Mayo,9957,empty,Not found
Stephen Sheldon,9957,empty,Not found
Venugopal Garre,9957,empty,Not found
Connor Chamberlain,9957,empty,Not found
Cleveland Rueckert,9957,empty,Not found
David Kang,9957,empty,Not found
Barry Sine,9957,empty,Not found
Rock Hoffman,9957,empty,Not found
Jack Slevin,9957,empty,Not found
Ryan Tunis,9957,empty,Not found
Jonathan Brandt,9957,empty,Not found
Sean Steuart,9957,empty,Not found
Keegan Carl,9957,empty,Not found
Douglas Irwin,9957,empty,Not found
Jenny Ping,9957,empty,Not found
Andrei Stadnik,9957,empty,Not found
Andrew Schmidt,9957,empty,Not found
Richard Clarke,9957,empty,Not found
Stephanie Grambling,9957,empty,Not found
Mark Jarvi,9957,empty,Not found
Sabrina Abrams,9957,empty,Not found
Ranjan Sharma,9957,empty,Not found
Benjamin Rossi,9957,empty,Not found
Boris Van,9957,empty,Not found
Michael Elias,9957,empty,Not found
Jason Celino,9957,empty,Not found
Jeffery Harte,9957,empty,Not found
Junaid Siddiqui,9957,empty,Not found
Nicholas Thomas,9957,empty,Not found
Natalya Davies,9957,empty,Not found
Dean Wilkinson,9957,empty,Not found
Christopher Souther,9957,empty,Not found
John Murphy,9957,empty,Not found
Andrew Mikitchook,9957,empty,Not found
Joseph Yanchunis,9957,empty,Not found
Rustam Kanga,9957,empty,Not found
Kevin Grundy,9957,empty,Not found
Jake Fuller,9957,empty,Not found
Charles Zhu,9957,empty,Not found
Li Watsek,9957,empty,Not found
Himanshu Gupta,9957,empty,Not found
Christopher Snyder,9957,empty,Not found
Kristen Owen,9957,empty,Not found
Susy Tibaldi,9957,empty,Not found
Kenneth Worthington,9957,empty,Not found
Craig Stanley,9957,empty,Not found
Nathan Stein,9957,empty,Not found
Ravi Shanker,9957,empty,Not found
Ryan Brinkman,9957,empty,Not found
Anne Samuel,9957,empty,Not found
Doug Harter,9957,empty,Not found
Susan Maklari,9957,empty,Not found
Tate Sullivan,9957,empty,Not found
Vincent Caintic,9957,empty,Not found
Richard Radbourne,9957,empty,Not found
Brandon Nispel,9957,empty,Not found
Andrew Didora,9957,empty,Not found
George Tong,9957,empty,Not found
Andrew Berens,9957,empty,Not found
Jason Kupferberg,9957,empty,Not found
Jonna Kim,9957,empty,Not found
David Leiker,9957,empty,Not found
Akash Tewari,9957,empty,Not found
Robyn Karnauskas,9957,empty,Not found
Elizabeth Anderson,9957,empty,Not found
Michael Phillips,9957,empty,Not found
Joe Dickstein,9957,empty,Not found
Nikhil Devnani,9957,empty,Not found
Emily Ericksen,9957,empty,Not found
Anthony Hau,9957,empty,Not found
Scott Group,9957,empty,Not found
Ian Macpherson,9957,empty,Not found
Matthew Hewitt,9957,empty,Not found
Omar Sheikh,9957,empty,Not found
Adam Seiden,9957,empty,Not found
Paul Knight,9957,empty,Not found
Alexander Goldfarb,9957,empty,Not found
Robert Oliver,9957,empty,Not found
Brendan Nosal,9957,empty,Not found
Andrew Schmitt,9957,empty,Not found
Lisa Lewandowski,9957,empty,Not found
Nick Joseph,9957,empty,Not found
Chiara Battistini,9957,empty,Not found
Yessica Sanchez,9957,empty,Not found
Arjun Bhatia,9957,empty,Not found
Brett Fishbin,9957,empty,Not found
Andrew Tsai,9957,empty,Not found
Adam Klauber,9957,empty,Not found
Priya Sachdeva,9957,empty,Not found
Larry Solow,9957,empty,Not found
Daniel Perlin,9957,empty,Not found
George Staphos,9957,empty,Not found
Ketan Mamtora,9957,empty,Not found
Angie Storozynski,9957,empty,Not found
Samuel Eisner,9957,empty,Not found
Martijn Rats,9957,empty,Not found
Polo Tang,9957,empty,Not found
Francois Brisebois,9957,empty,Not found
Sanjit Singh,9957,empty,Not found
Josh Silverstein,9957,empty,Not found
Steve Byrne,9957,empty,Not found
Benjamin Miller,9957,empty,Not found
Matthew Hurwit,9957,empty,Not found
John Stansel,9957,empty,Not found
Kim Fustier,9957,empty,Not found
Andrew Bowler,9957,empty,Not found
Yaron Werber,9957,empty,Not found
Bhavesh Lodaya,9957,empty,Not found
Bhumi Kanabar,9957,empty,Not found
Kevin Mcveigh,9957,empty,Not found
Kevin McVeigh,9957,empty,Not found
Gustavo Schroden,9957,empty,Not found
Jeffrey Rulis,9957,empty,Not found
Sebastian Sandler,9957,empty,Not found
Pete Stavropoulos,9957,empty,Not found
Brian Abrahams,9957,empty,Not found
Anja Soderstrom,9957,empty,Not found
Mark Argento,9957,empty,Not found
Jonathan Keypour,9957,empty,Not found
Dina Ramadane,9957,empty,Not found
Peter McGoldrick,9957,empty,Not found
Kyle Boucher,9957,empty,Not found
Andrew Wong,9957,empty,Not found
James Friedman,9957,empty,Not found
Rayna Kumar,9957,empty,Not found
Gordon Johnson,9957,empty,Not found
Greg Konrad,9957,empty,Not found
Jack Cummins,9957,empty,Not found
Renata Cabral,9957,empty,Not found
Dan Silverstein,9957,empty,Not found
Ross Smotrich,9957,empty,Not found
Shilan Modi,9957,empty,Not found
Ryland Conrad,9957,empty,Not found
Will Kirkness,9957,empty,Not found
Allen Gong,9957,empty,Not found
Felicia Hendrix,9957,empty,Not found
Craig Moffett,9957,empty,Not found
Christyne McGarvey,9957,empty,Not found
Andreas Sheppard,9957,empty,Not found
Ryan MacDonald,9957,empty,Not found
Arun Viswanathan,9957,empty,Not found
Andres Cardona,9957,empty,Not found
Richard Garchitorena,9957,empty,Not found
Bradley Berning,9957,empty,Not found
Rodrigo Alcantara,9957,empty,Not found
Michael Goldie,9957,empty,Not found
Michael Petusky,9957,empty,Not found
Sumant Kulkarni,9957,empty,Not found
David Katz,9957,empty,Not found
Mikhail Goberman,9957,empty,Not found
Bhavin Shah,9957,empty,Not found
Edward Lewis,9957,empty,Not found
Graham Doyle,9957,empty,Not found
Jason Bednar,9957,empty,Not found
Alton Stump,9957,empty,Not found
David Turkaly,9957,empty,Not found
Andrew Brackmann,9957,empty,Not found
Rishi Jaluria,9957,empty,Not found
Divya Goyal,9957,empty,Not found
Andrew Harte,9957,empty,Not found
Daniel Cardenas,9957,empty,Not found
Chasen Bender,9957,empty,Not found
Joshua Tilton,9957,empty,Not found
Vivien Azer,9957,empty,Not found
Destiny Hance,9957,empty,Not found
Paul Diamond,9957,empty,Not found
George Farmer,9957,empty,Not found
Luisa Hector,9957,empty,Not found
Catherine Novack,9957,empty,Not found
Biraj Borkhataria,9957,empty,Not found
Kerry Holford,9957,empty,Not found
Andy Yu,9957,empty,Not found
Curtis Nagle,9957,empty,Not found
Tim Rezvan,9957,empty,Not found
Paul McTaggart,9957,empty,Not found
Frederic Bastien,9957,empty,Not found
RJ Milligan,9957,empty,Not found
Chris Pierce,9957,empty,Not found
Brian Cheng,9957,empty,Not found
Bill Kirk,9957,empty,Not found
Pete Skibitski,9957,empty,Not found
Ingo Wermann,9957,empty,Not found
Alfonso Salazar,9957,empty,Not found
Gregory Williams,9957,empty,Not found
Jordan Lyonnais,9957,empty,Not found
John Davis,9957,empty,Not found
Colin Langan,9957,empty,Not found
Nicholas Holowko,9957,empty,Not found
Hanwen Chang,9957,empty,Not found
Raj Ray,9957,empty,Not found
Daria Nasledysheva,9957,empty,Not found
Patrick Creuset,9957,empty,Not found
Kaumil Gajrawala,9957,empty,Not found
Blaine Heck,9957,empty,Not found
Anthony Elian,9957,empty,Not found
John Babcock,9957,empty,Not found
Tracy Benguigui,9957,empty,Not found
Ryan Meyers,9957,empty,Not found
Peter Costa,9957,empty,Not found
James Condulis,9957,empty,Not found
Christopher Moore,9957,empty,Not found
Ricardo Alves,9957,empty,Not found
Anthony Powell,9957,empty,Not found
Edward Woo,9957,empty,Not found
Alex Kania,9957,empty,Not found
Rohin Patel,9957,empty,Not found
Amy Li,9957,empty,Not found
Woody Lay,9957,empty,Not found
Pujarini Ghosh,9957,empty,Not found
Chris Senyek,9957,empty,Not found
Jordan Bender,9957,empty,Not found
Melissa Wedel,9957,empty,Not found
Mitch Kummetz,9957,empty,Not found
Lee Simpson,9957,empty,Not found
Jasper Hellweg,9957,empty,Not found
Piyush Choudhary,9957,empty,Not found
Steven Sheeckutz,9957,empty,Not found
Michael Goldsmith,9957,empty,Not found
Richard Hightower,9957,empty,Not found
Bob Huang,9957,empty,Not found
Yuan Zhi,9957,empty,Not found
Gregg Orrill,9957,empty,Not found
Steven Cahill,9957,empty,Not found
Hong Zhang,9957,empty,Not found
David Larsen,9957,empty,Not found
Gerald Pascarelli,9957,empty,Not found
Jason Cassorla,9957,empty,Not found
Todd Weller,9957,empty,Not found
Shiwen Li,9957,empty,Not found
Betty Jiang,9957,empty,Not found
Dan Levy,9957,empty,Not found
John Newman,9957,empty,Not found
Brandon Bingham,9957,empty,Not found
Aravinda Galappatthige,9957,empty,Not found
Brendan Smith,9957,empty,Not found
Estelle Weingrod,9957,empty,Not found
Matthew Coad,9957,empty,Not found
Russell Quelch,9957,empty,Not found
Eugene Hsiao,9957,empty,Not found
Axel Herlinghaus,9957,empty,Not found
Nathan Janes,9957,empty,Not found
Eric Joseph,9957,empty,Not found
Noah Zatzkin,9957,empty,Not found
Mauricio Serna,9957,empty,Not found
Chris Quintero,9957,empty,Not found
Vikram Kesavabhotla,9957,empty,Not found
Richard Hill,9957,empty,Not found
Conor Fitzgerald,9957,empty,Not found
John Zamparo,9957,empty,Not found
Dennis Ding,9957,empty,Not found
Sean McGowan,9957,empty,Not found
Noah Hungness,9957,empty,Not found
David Dai,9957,empty,Not found
Michael Nathanson,9957,empty,Not found
Keegan Cox,9957,empty,Not found
Zijie Yang,9957,empty,Not found
Mike Burton,9957,empty,Not found
Korinne Wolfmeyer,9957,empty,Not found
Elizabeth Porter,9957,empty,Not found
Jeffrey Reive,9957,empty,Not found
Cristopher Kennedy,9957,empty,Not found
Angel Castillo,9957,empty,Not found
Chad Dillard,9957,empty,Not found
Scott Berg,9957,empty,Not found
Jeff Cantwell,9957,empty,Not found
Sean King,9957,empty,Not found
Christopher McGratty,9957,empty,Not found
Andrew Polkowitz,9957,empty,Not found
Nitin Bansal,9957,empty,Not found
Thomas Palmer,9957,empty,Not found
Jeffrey Spector,9957,empty,Not found
John Rowan,9957,empty,Not found
John Nadel,9957,empty,Not found
Thomas Smith,9957,empty,Not found
Jason Bouvier,9957,empty,Not found
Nik Modi,9957,empty,Not found
Asthika Goonewardene,9957,empty,Not found
Glenn Chin,9957,empty,Not found
Kalpit Patel,9957,empty,Not found
Puneet Souda,9957,empty,Not found
Nadine Sarwat,9957,empty,Not found
Robert Mosca,9957,empty,Not found
Hector Maya,9957,empty,Not found
Peter Lawson,9957,empty,Not found
Michael Tupholme,9957,empty,Not found
Taylor Morrison,9957,empty,Not found
Dan Ives,9957,empty,Not found
Chris Muller,9957,empty,Not found
Scott Fidel,9957,empty,Not found
Tim Mulrooney,9957,empty,Not found
Anthony Linton,9957,empty,Not found
Samad Samana,9957,empty,Not found
Matthew McKellar,9957,empty,Not found
Christopher Parkinson,9957,empty,Not found
Tara Bancroft,9957,empty,Not found
Martin Englert,9957,empty,Not found
Caitlin Burrows,9957,empty,Not found
David Roman,9957,empty,Not found
Dae Lee,9957,empty,Not found
Arnon Shirazi,9957,empty,Not found
Aaron Kimson,9957,empty,Not found
Thomas Wendler,9957,empty,Not found
Bret Jordan,9957,empty,Not found
Ross Osborn,9957,empty,Not found
Sarah James,9957,empty,Not found
Charles Rhyee,9957,empty,Not found
Zach Parham,9957,empty,Not found
Christopher Graja,9957,empty,Not found
Rashad Kawan,9957,empty,Not found
Sean Wieland,9957,empty,Not found
Oliver Chen,9957,empty,Not found
Michael Ryskin,9957,empty,Not found
Brendan Lynch,9957,empty,Not found
Ryan Langston,9957,empty,Not found
Elvira Scotto,9957,empty,Not found
Austin Wang,9957,empty,Not found
Julian Radlinger,9957,empty,Not found
Conor McNamara,9957,empty,Not found
Jeff Hickey,9957,empty,Not found
Alexander Hess,9957,empty,Not found
Sergio Segura,9957,empty,Not found
Harshita Rawat,9957,empty,Not found
Ian Moore,9957,empty,Not found
Jeremy Hoy,9957,empty,Not found
Matthew Johnson,9957,empty,Not found
William Janela,9957,empty,Not found
Matthew Swanson,9957,empty,Not found
Upal Rana,9957,empty,Not found
Myles Minter,9957,empty,Not found
Todd Brooks,9957,empty,Not found
Andrew Lazar,9957,empty,Not found
Ashley Owens,9957,empty,Not found
Tony DiMatteo,9957,empty,Not found
Parker Lane,9957,empty,Not found
Vikram Purohit,9957,empty,Not found
Chris Woronka,9957,empty,Not found
Guilherme Mendes,9957,empty,Not found
Brian Wilczynski,9957,empty,Not found
Mike Scialla,9957,empty,Not found
Matthew VanVliet,9957,empty,Not found
Andrea Tan,9957,empty,Not found
Merrill Ross,9957,empty,Not found
William Pickering,9957,empty,Not found
Kendall Toscano,9957,empty,Not found
Piyush Avasthy,9957,empty,Not found
Jason Kolbert,9957,empty,Not found
Peyton Dorne,9957,empty,Not found
Tom Stephan,9957,empty,Not found
Rick Paterson,9957,empty,Not found
Scott Wurtzel,9957,empty,Not found
Leo Carrington,9957,empty,Not found
Kalei Akamine,9957,empty,Not found
Clark Wright,9957,empty,Not found
Justin Bowers,9957,empty,Not found
Seyon Park,9957,empty,Not found
Matt Niknam,9957,empty,Not found
Emma Schwartz,9957,empty,Not found
Jake Roberge,9957,empty,Not found
Pablo Zuanic,9957,empty,Not found
Ryan Lynch,9957,empty,Not found
Taylor Conrad,9957,empty,Not found
Corinne Jenkins,9957,empty,Not found
Kevin Chiang,9957,empty,Not found
Mike Lavery,9957,empty,Not found
Stan Berenshteyn,9957,empty,Not found
Bill Kerr,9957,empty,Not found
Mario Pierry,9957,empty,Not found
Patrick Baumann,9957,empty,Not found
Max Gumport,9957,empty,Not found
Steven Alexoloulos,9957,empty,Not found
Bill Chappell,9957,empty,Not found
David Togut,9957,empty,Not found
Joe Feldman,9957,empty,Not found
Chris McNally,9957,empty,Not found
Matheus Enfeldt,9957,empty,Not found
Joshua Dennerlein,9957,empty,Not found
Emmanuel Papadakis,9957,empty,Not found
Joseph Thome,9957,empty,Not found
Ella Smith,9957,empty,Not found
Jordan Boretz,9957,empty,Not found
Nathan Treybeck,9957,empty,Not found
Hartaj Singh,9957,empty,Not found
Martin Jungfleisch,9957,empty,Not found
Darren Leung,9957,empty,Not found
Jim Salera,9957,empty,Not found
Michael Ha,9957,empty,Not found
Matthew Heimermann,9957,empty,Not found
Marie Ferguson,9957,empty,Not found
Nicholas Lorusso,9957,empty,Not found
Casey Ryan,9957,empty,Not found
Samuel Nielsen,9957,empty,Not found
Lawrence Biegelsen,9957,empty,Not found
Andrea Pistacchi,9957,empty,Not found
James Kirby,9957,empty,Not found
Marcus Cole,9957,empty,Not found
Mitchel Penn,9957,empty,Not found
Emily Bodnar,9957,empty,Not found
Jessica Ehrlich,9957,empty,Not found
Katherine Lei,9957,empty,Not found
Robert Jamieson,9957,empty,Not found
Thomas Yeh,9957,empty,Not found
Nick Housden,9957,empty,Not found
Taylor McGinnis,9957,empty,Not found
Luke Lemoine,9957,empty,Not found
Erin Wilson,9957,empty,Not found
Carey Macrury,9957,empty,Not found
Toni Sacconaghi,9957,empty,Not found
Dushyant Ailani,9957,empty,Not found
Thomas Stephan,9957,empty,Not found
Jonathan Bock,9957,empty,Not found
Simon Hales,9957,empty,Not found
Justin Zelin,9957,empty,Not found
Lauren Schenk,9957,empty,Not found
Helfey Hannah,9957,empty,Not found
Andy Marok,9957,empty,Not found
Andrew Jones,9957,empty,Not found
Firoz Valliji,9957,empty,Not found
James Quigley,9957,empty,Not found
Chris Luyckx,9957,empty,Not found
Air Ma,9957,empty,Not found
Seth Sigman,9957,empty,Not found
Ryan Griffin,9957,empty,Not found
Carlos Laboy,9957,empty,Not found
Colin Bristow,9957,empty,Not found
Adam Kramer,9957,empty,Not found
Jason Tilchen,9957,empty,Not found
Gaurav Mehta,9957,empty,Not found
Richard Vosser,9957,empty,Not found
Alexander Perry,9957,empty,Not found
Kimberly Greenberger,9957,empty,Not found
Paul Chung,9957,empty,Not found
Andre Salles,9957,empty,Not found
Atul Maheswari,9957,empty,Not found
Sean Kennedy,9957,empty,Not found
Conor Cunningham,9957,empty,Not found
Andrew Rosivach,9957,empty,Not found
Matt Farrell,9957,empty,Not found
Jason Stewart,9957,empty,Not found
Rodolfo Angele,9957,empty,Not found
Pablo Singzon,9957,empty,Not found
Daniel Mckenzie,9957,empty,Not found
Neha Agarwala,9957,empty,Not found
Judy Zhang,9957,empty,Not found
Filipe Nielsen,9957,empty,Not found
Dillon Cumming,9957,empty,Not found
Wei Xiong,9957,empty,Not found
Jason English,9957,empty,Not found
Justin Kim,9957,empty,Not found
Nitin Kumar,9957,empty,Not found
Jorg Friedemann,9957,empty,Not found
Neel Kumar,9957,empty,Not found
Colleen Kusy,9957,empty,Not found
Domingos Falavina,9957,empty,Not found
Martin Malloy,9957,empty,Not found
Anthony Codling,9957,empty,Not found
Michael Funk,9957,empty,Not found
Matt Phipps,9957,empty,Not found
Joseph Spak,9957,empty,Not found
Owen Rickert,9957,empty,Not found
Ryan Cooke,9957,empty,Not found
Tavy Rosner,9957,empty,Not found
Greg Gibas,9957,empty,Not found
Nicholas Joseph,9957,empty,Not found
Chris Robertson,9957,empty,Not found
Wesley Golladay,9957,empty,Not found
Bradley Canino,9957,empty,Not found
Michael Albanses,9957,empty,Not found
Vilas Abraham,9957,empty,Not found
Luiz Carvalho,9957,empty,Not found
Matthew Herrmann,9957,empty,Not found
Emily Field,9957,empty,Not found
Hassan Ahmed,9957,empty,Not found
Leonardo Olmos,9957,empty,Not found
Ronald Jewsikow,9957,empty,Not found
Andrew Spinola,9957,empty,Not found
Chris Dendrinos,9957,empty,Not found
Matt Howlett,9957,empty,Not found
Laurie Havener,9957,empty,Not found
Maury Raycroft,9957,empty,Not found
Robert Bek,9957,empty,Not found
Thomas Catherwood,9957,empty,Not found
Steve Valiquette,9957,empty,Not found
Richard Safran,9957,empty,Not found
Puneet Jain,9957,empty,Not found
Cecilia Furlong,9957,empty,Not found
Nelson Ng,9957,empty,Not found
Eric Serotta,9957,empty,Not found
Reni Benjamin,9957,empty,Not found
Ben Haynor,9957,empty,Not found
Derek Hewett,9957,empty,Not found
Nick Doyle,9957,empty,Not found
Brett Feldman,9957,empty,Not found
Matthew DeYoe,9957,empty,Not found
Mark Purcell,9957,empty,Not found
Ralph Schackart,9957,empty,Not found
Samir Khanal,9957,empty,Not found
Keith Stanley,9957,empty,Not found
Nicholas Watts,9957,empty,Not found
Joseph Grabowski,9957,empty,Not found
Eddie Kim,9957,empty,Not found
Kristina Ruggeri,9957,empty,Not found
Javier Martinez,9957,empty,Not found
Faham Baig,9957,empty,Not found
Caroline Palomeque,9957,empty,Not found
Fahad Tariq,9957,empty,Not found
Julien Roch,9957,empty,Not found
Austin Dietz,9957,empty,Not found
Detlef Winckelmann,9957,empty,Not found
Daina Graybosch,9957,empty,Not found
Itay Michaeli,9957,empty,Not found
Javier Escalante,9957,empty,Not found
Cheng Li,9957,empty,Not found
Daniel Grosslight,9957,empty,Not found
Craig Mailman,9957,empty,Not found
Stacy Ku,9957,empty,Not found
Amanda Sweitzer,9957,empty,Not found
Christopher Mandeville,9957,empty,Not found
Kartik Mehta,9957,empty,Not found
John Gibson,9957,empty,Not found
Vincent Ciantic,9957,empty,Not found
Gokul Hariharan,9957,empty,Not found
Richard Close,9957,empty,Not found
Robert Stevenson,9957,empty,Not found
John Choi,9957,empty,Not found
Duane Pfenningwerth,9957,empty,Not found
Alex Goldfarb,9957,empty,Not found
Tom Curran,9957,empty,Not found
Drew McReynolds,9957,empty,Not found
Joe Meares,9957,empty,Not found
Benjamin Haynor,9957,empty,Not found
Drew Ranieri,9957,empty,Not found
Colin Isaac,9957,empty,Not found
Daniel Chen,9957,empty,Not found
Landon Park,9957,empty,Not found
Logan Reich,9957,empty,Not found
Robin Zhu,9957,empty,Not found
David Adlington,9957,empty,Not found
Ben Klieve,9957,empty,Not found
Dane Leone,9957,empty,Not found
Casey Woodring,9957,empty,Not found
Diego Aragao,9957,empty,Not found
Christopher Nolan,9957,empty,Not found
Michael Fairbanks,9957,empty,Not found
Scott Fletcher,9957,empty,Not found
Holly Stewart,9957,empty,Not found
Vikram Bagri,9957,empty,Not found
Cody Ross,9957,empty,Not found
Jeffrey Zekaukas,9957,empty,Not found
Mark Smith,9957,empty,Not found
Fulvio Cazzol,9957,empty,Not found
Michael Nedelcovych,9957,empty,Not found
Brian Butler,9957,empty,Not found
Stephen Powers,9957,empty,Not found
Aaron Bilkoski,9957,empty,Not found
Vasundhara Govil,9957,empty,Not found
Phani Kanumuri,9957,empty,Not found
Kostas Biliouris,9957,empty,Not found
Laurent Yoon,9957,empty,Not found
Anthony Trainor,9957,empty,Not found
Bryan Adams,9957,empty,Not found
Jeffrey Stantial,9957,empty,Not found
Stephanie Price,9957,empty,Not found
Charlie Lederer,9957,empty,Not found
Trevor Romeo,9957,empty,Not found
Jason McCarthy,9957,empty,Not found
Jack Lin,9957,empty,Not found
David Mak,9957,empty,Not found
Scott Schoenhaus,9957,empty,Not found
Lucy Yu,9957,empty,Not found
Laurent Vasilescu,9957,empty,Not found
Rich Hightower,9957,empty,Not found
Anna Glaessgen,9957,empty,Not found
Corinne Blanchard,9957,empty,Not found
Patty Kanada,9957,empty,Not found
Lucas Ferreira,9957,empty,Not found
Paul Gong,9957,empty,Not found
Paul Kearney,9957,empty,Not found
James McIlree,9957,empty,Not found
Ryan Tomasello,9957,empty,Not found
Justin Lake,9957,empty,Not found
Hoang Nguyen,9957,empty,Not found
Edison Lee,9957,empty,Not found
Fernando Abdalla,9957,empty,Not found
Fedor Shabalin,9957,empty,Not found
Ekaterina Knyazkova,9957,empty,Not found
Bruce Jackson,9957,empty,Not found
Michael Albanese,9957,empty,Not found
Allen Klee,9957,empty,Not found
Vince Valentini,9957,empty,Not found
Jack Allen,9957,empty,Not found
Jessica Tassan,9957,empty,Not found
Constantine Davides,9957,empty,Not found
Richard Hatch,9957,empty,Not found
Cameron Doerksen,9957,empty,Not found
Deborah Ciervo,9957,empty,Not found
Chad Messer,9957,empty,Not found
Alex Perry,9957,empty,Not found
William Grippin,9957,empty,Not found
Richard Baldry,9957,empty,Not found
Matthew Lofting,9957,empty,Not found
Robert Catellier,9957,empty,Not found
Jeffrey Osborne,9957,empty,Not found
Alexandra Steiger,9957,empty,Not found
Chris Kuntarich,9957,empty,Not found
Ari Klein,9957,empty,Not found
Zachary Silverberg,9957,empty,Not found
Tyler DiMatteo,9957,empty,Not found
John Sourbeer,9957,empty,Not found
Tasso Vasconcellos,9957,empty,Not found
Nafeesa Gupta,9957,empty,Not found
Ryan Krieger,9957,empty,Not found
Nora Min,9957,empty,Not found
Frank Takkinen,9957,empty,Not found
Jin Yoon,9957,empty,Not found
Terence Malone,9957,empty,Not found
Ami Probandt,9957,empty,Not found
Jeff Garro,9957,empty,Not found
Rowland Mayor,9957,empty,Not found
Griffin Boss,9957,empty,Not found
Joseph Civello,9957,empty,Not found
Brian Flores,9957,empty,Not found
Caitlin Roberts,9957,empty,Not found
Anojja Shah,9957,empty,Not found
Luke Morison,9957,empty,Not found
Roanna Ruiz,9957,empty,Not found
Jailendra Singh,9957,empty,Not found
Steve Brozak,9957,empty,Not found
Sean Meakim,9957,empty,Not found
Piral Dadhania,9957,empty,Not found
Kai Klose,9957,empty,Not found
Wyatt Swanson,9957,empty,Not found
Alec Stranahan,9957,empty,Not found
Micheal Bellisario,9957,empty,Not found
Jeff Chung,9957,empty,Not found
Harry Read,9957,empty,Not found
Rahul Krotthapalli,9957,empty,Not found
Steve Koenig,9957,empty,Not found
Matt Larew,9957,empty,Not found
Jonathan Lee,9957,empty,Not found
Craig Irwin,9957,empty,Not found
Liam Fitzpatrick,9957,empty,Not found
Harold Goetsch,9957,empty,Not found
Warren Ackerman,9957,empty,Not found
Lilyanna Yang,9957,empty,Not found
Cooper Clark,9957,empty,Not found
Young Li,9957,empty,Not found
Jay Huang,9957,empty,Not found
Robert Mollins,9957,empty,Not found
Spencer Hanus,9957,empty,Not found
Taylor Manley,9957,empty,Not found
Betty Jing,9957,empty,Not found
Paul Steep,9957,empty,Not found
Jon Young,9957,empty,Not found
Farooq Hamed,9957,empty,Not found
James Kammert,9957,empty,Not found
Ned Baramov,9957,empty,Not found
Esther Rajavelu,9957,empty,Not found
Tina Hou,9957,empty,Not found
Smedes Rose,9957,empty,Not found
Ole Slorer,9957,empty,Not found
Carly Davenport,9957,empty,Not found
Jonathan Chang,9957,empty,Not found
Stephanie Davis,9957,empty,Not found
Greg McGinniss,9957,empty,Not found
Kevin Krishnaratne,9957,empty,Not found
Nik Cremo,9957,empty,Not found
Yiwen Zhang,9957,empty,Not found
Chris Merwin,9957,empty,Not found
Richard Law,9957,empty,Not found
Matthew Stanton,9957,empty,Not found
Alex Potter,9957,empty,Not found
Kenneth Fong,9957,empty,Not found
Bill Maughan,9957,empty,Not found
Harmen Puri,9957,empty,Not found
Michelle Fang,9957,empty,Not found
Michael Okunewitch,9957,empty,Not found
Andrew DeGasperi,9957,empty,Not found
Tim Hsiao,9957,empty,Not found
Lucky Schreiner,9957,empty,Not found
Lucas Ward,9957,empty,Not found
Neal Burk,9957,empty,Not found
Alexia Dogani,9957,empty,Not found
Daniela Haigian,9957,empty,Not found
Salvator Tiano,9957,empty,Not found
Marc Torrente,9957,empty,Not found
William Kirk,9957,empty,Not found
Nick Lai,9957,empty,Not found
Jared Levine,9957,empty,Not found
David Deckelbaum,9957,empty,Not found
Jeffrey Adelson,9957,empty,Not found
Matthew Martino,9957,empty,Not found
Eun Yang,9957,empty,Not found
Sarang Vora,9957,empty,Not found
Harry Bartlett,9957,empty,Not found
Alice Xiao,9957,empty,Not found
Jason Bandel,9957,empty,Not found
Stephanie Piazzola,9957,empty,Not found
James Molloy,9957,empty,Not found
Steven Pizzella,9957,empty,Not found
Jamie Rollo,9957,empty,Not found
Zachary Warring,9957,empty,Not found
Brian Brungardt,9957,empty,Not found
Kumaraguru Raja,9957,empty,Not found
Chi Fong,9957,empty,Not found
Michael Kupinski,9957,empty,Not found
Isabella Simonato,9957,empty,Not found
Luke Horton,9957,empty,Not found
Kemp Dolliver,9957,empty,Not found
Laura Sutcliffe,9957,empty,Not found
Duksan Jang,9957,empty,Not found
Matt Ma,9957,empty,Not found
Madeline Brooks,9957,empty,Not found
Parker Snure,9957,empty,Not found
John Edelman,9957,empty,Not found
Jorge Kuri,9957,empty,Not found
Ernesto Gabilondo,9957,empty,Not found
Louise Singlehurst,9957,empty,Not found
Lincoln Kong,9957,empty,Not found
William Jellison,9957,empty,Not found
Sam Eiber,9957,empty,Not found
Cameron McVeigh,9957,empty,Not found
Wahid Amin,9957,empty,Not found
Christian Carlino,9957,empty,Not found
Simon Toyne,9957,empty,Not found
Michael Linenberg,9957,empty,Not found
Anderson Schock,9957,empty,Not found
Agnieszka Pustula,9957,empty,Not found
Narumi Nakagiri,9957,empty,Not found
Leandro Bastos,9957,empty,Not found
Naz Rahman,9957,empty,Not found
Bryan Smilek,9957,empty,Not found
Seth Gilbert,9957,empty,Not found
Sorabh Daga,9957,empty,Not found
Benjamin Mayhew,9957,empty,Not found
Steve Silver,9957,empty,Not found
Leo Chiang,9957,empty,Not found
JESALYN Wong,9957,empty,Not found
Katie Fleischer,9957,empty,Not found
Akshay Gupta,9957,empty,Not found
Katie Lachapelle,9957,empty,Not found
Andrew Coombs,9957,empty,Not found
Ross MacDonald,9957,empty,Not found
Caleb Stein,9957,empty,Not found
Kallum Titchmarsh,9957,empty,Not found
Ben Shelley,9957,empty,Not found
Aaron Grey,9957,empty,Not found
George Kurosawa,9957,empty,Not found
Nick Abbott,9957,empty,Not found
Jack Matten,9957,empty,Not found
Adam Berlin,9957,empty,Not found
Alex Terentiew,9957,empty,Not found
Mariana Taddeo,9957,empty,Not found
Richard Kramer,9957,empty,Not found
Nicholas Thillman,9957,empty,Not found
Sami Corwin,9957,empty,Not found
Eunice Lee,9957,empty,Not found
Adam Frisch,9957,empty,Not found
David Bouchey,9957,empty,Not found
Matthew Keller,9957,empty,Not found
Weston Bloomer,9957,empty,Not found
Winnie Dong,9957,empty,Not found
Robert Stein,9957,empty,Not found
Matthew Krueger,9957,empty,Not found
Kosta Tasoulis,9957,empty,Not found
Andy Terrell,9957,empty,Not found
Janice Quek,9957,empty,Not found
Daniela Costa,9957,empty,Not found
Eli Jossen,9957,empty,Not found
Bobby Zolper,9957,empty,Not found
Chris Mcgratty,9957,empty,Not found
Michael Grondahl,9957,empty,Not found
Geoff Lowery,9957,empty,Not found
Dan Payne,9957,empty,Not found
Priyanka Grover,9957,empty,Not found
Romain Gourvil,9957,empty,Not found
Kevin Fisk,9957,empty,Not found
Sara Nik,9957,empty,Not found
Andrew Madrid,9957,empty,Not found
Noah Herman,9957,empty,Not found
Nate Svensson,9957,empty,Not found
Michael Tyndall,9957,empty,Not found
Adithya Metuku,9957,empty,Not found
Michael DiFiore,9957,empty,Not found
Michael Toomey,9957,empty,Not found
Helena Wang,9957,empty,Not found
Timothy Zhao,9957,empty,Not found
Tim Chiodo,9957,empty,Not found
Robert Napoli,9957,empty,Not found
Katherine Griffin,9957,empty,Not found
Seth Bergey,9957,empty,Not found
Joe Laetsch,9957,empty,Not found
Paul Obrecht,9957,empty,Not found
Jeffrey Lick,9957,empty,Not found
Jacob Smith,9957,empty,Not found
Ally Yseen,9957,empty,Not found
Chris Hallam,9957,empty,Not found
Lisa Clive,9957,empty,Not found
Aidan Kelly,9957,empty,Not found
Ty Collin,9957,empty,Not found
Scott Marks,9957,empty,Not found
Jeff Adelson,9957,empty,Not found
Marco Limite,9957,empty,Not found
Rami Katkhuda,9957,empty,Not found
John Young,9957,empty,Not found
Peter Steyn,9957,empty,Not found
Sam Burwell,9957,empty,Not found
Ryan McKeveny,9957,empty,Not found
Vitaly Umansky,9957,empty,Not found
Lili Nsongo,9957,empty,Not found
Esme Pau,9957,empty,Not found
Eric Boyes,9957,empty,Not found
Steven Frankel,9957,empty,Not found
Daniel Roeska,9957,empty,Not found
Thibault Boutherin,9957,empty,Not found
Tim Perz,9957,empty,Not found
Niall Alexander,9957,empty,Not found
John Te,9957,empty,Not found
Mikhail Paramonov,9957,empty,Not found
Nicolai Kempf,9957,empty,Not found
Jimmy Yoon,9957,empty,Not found
Jeffrey Kiang,9957,empty,Not found
Jakob Bluestone,9957,empty,Not found
Brett Simpson,9957,empty,Not found
C J,9957,empty,Not found
Burrows Szczupak,9957,empty,Not found
Cristina Fernández,9957,empty,Not found
Da Wei,9957,empty,Not found
Dae Gon,9957,empty,Not found
Dailey Fairbanks,9957,empty,Not found
Bruce Chan,9957,empty,Not found
Arthur Lai,9957,empty,Not found
Meyer Sheilds,9957,empty,Not found
Fan Tso,9957,empty,Not found
Melanie Nunez,9957,empty,Not found
Chris Zhang,9957,empty,Not found
Jonathan Goldman,9957,empty,Not found
Michael Sarcone,9957,empty,Not found
Brendan Sproules,9957,empty,Not found
Jack Vander,9957,empty,Not found
Cameron Mansson,9957,empty,Not found
Janco Venter,9957,empty,Not found
Paul Adams,9957,empty,Not found
lvan Tuerkcan,9957,empty,Not found
Yi Fu,9957,empty,Not found
Xavier Bouvignies,9957,empty,Not found
Henry Meyer,9957,empty,Not found
Gregory Peters,9957,empty,Not found
Fu Lee,9957,empty,Not found
Floris Van,9957,empty,Not found
Evan David,9957,empty,Not found
Eva Fortea,9957,empty,Not found
Soe Naing,9957,empty,Not found
Carlos De,9957,empty,Not found
Sung Ji,9957,empty,Not found
Strong Buy,9957,empty,Not found
Thomas Burlton,9957,empty,Not found
Christopher LaFemina,9957,empty,Not found
Van Sinderen,9957,empty,Not found
Tyler Brown,9957,empty,Not found
Ronald J,9957,empty,Not found
Kenneth Shiu,9957,empty,Not found
Boonie Herzog,9957,empty,Not found
Bob Jian,9957,empty,Not found
Bob Drbul,9957,empty,Not found
Bin Kim,9957,empty,Not found
Joao Pedro,9957,empty,Not found
Jeff Van,9957,empty,Not found
Jennifer Swanson,9957,empty,Not found
Jessica Reif,9957,empty,Not found
André Uggedal,9957,empty,Not found
Reif Ehrlich,9957,empty,Not found
Louthan IV,9957,empty,Not found
Market Perform,9957,empty,Not found
Q3 Marketplace,9957,empty,Not found
Q3 EPS,9957,empty,Not found
Pérez Mora,9957,empty,Not found
Weng Chen,9957,empty,Not found
Eric Des,9957,empty,Not found
Dimple Gosa,9957,empty,Not found
Dimple Gosai,9957,empty,Not found
Don Carducci,9957,empty,Not found
Derik De,9957,empty,Not found
David Paige,9957,empty,Not found
David Seigerman,9957,empty,Not found
De Bruin,9957,empty,Not found
Joseph Quatrochi,9957,empty,Not found
David Scharf,9957,empty,Not found
Daniel Ives,9957,empty,Not found
Mark Mahaney,9957,empty,Not found
Rick Schafer,9957,empty,Not found
Amit Daryanani,9957,empty,Not found
Zachary Fadem,9957,empty,Not found
Michael Ulz,9957,empty,Not found
Chase Knickerbocker,9957,empty,Not found
Trung Huynh,9957,empty,Not found
